file,class,method,variable,usage
/home/sandro/workspace/sandro/MLCQCodeSmellSamples/scripts/../dataset/janusgraph-utils_b4584a3cbeec49f0df14d364aeb03976f5d5ca19/src/main/java/com/ibm/janusgraph/utils/importer/util/Worker.java,com.ibm.janusgraph.utils.importer.util.Worker,notifyListener/1[com.ibm.janusgraph.utils.importer.util.WorkerListener.State],listener,1
/home/sandro/workspace/sandro/MLCQCodeSmellSamples/scripts/../dataset/janusgraph-utils_b4584a3cbeec49f0df14d364aeb03976f5d5ca19/src/main/java/com/ibm/janusgraph/utils/importer/util/Worker.java,com.ibm.janusgraph.utils.importer.util.Worker,notifyListener/1[com.ibm.janusgraph.utils.importer.util.WorkerListener.State],state,1
/home/sandro/workspace/sandro/MLCQCodeSmellSamples/scripts/../dataset/janusgraph-utils_b4584a3cbeec49f0df14d364aeb03976f5d5ca19/src/main/java/com/ibm/janusgraph/utils/importer/util/Worker.java,com.ibm.janusgraph.utils.importer.util.Worker,"Worker/3[java.util.Iterator<java.util.Map<java.lang.String,java.lang.String>>,java.util.Map<java.lang.String,java.lang.Object>,com.ibm.janusgraph.utils.importer.util.JanusGraph]",records,2
/home/sandro/workspace/sandro/MLCQCodeSmellSamples/scripts/../dataset/janusgraph-utils_b4584a3cbeec49f0df14d364aeb03976f5d5ca19/src/main/java/com/ibm/janusgraph/utils/importer/util/Worker.java,com.ibm.janusgraph.utils.importer.util.Worker,"Worker/3[java.util.Iterator<java.util.Map<java.lang.String,java.lang.String>>,java.util.Map<java.lang.String,java.lang.Object>,com.ibm.janusgraph.utils.importer.util.JanusGraph]",propertiesMap,2
/home/sandro/workspace/sandro/MLCQCodeSmellSamples/scripts/../dataset/janusgraph-utils_b4584a3cbeec49f0df14d364aeb03976f5d5ca19/src/main/java/com/ibm/janusgraph/utils/importer/util/Worker.java,com.ibm.janusgraph.utils.importer.util.Worker,"Worker/3[java.util.Iterator<java.util.Map<java.lang.String,java.lang.String>>,java.util.Map<java.lang.String,java.lang.Object>,com.ibm.janusgraph.utils.importer.util.JanusGraph]",graph,2
/home/sandro/workspace/sandro/MLCQCodeSmellSamples/scripts/../dataset/janusgraph-utils_b4584a3cbeec49f0df14d364aeb03976f5d5ca19/src/main/java/com/ibm/janusgraph/utils/importer/util/Worker.java,com.ibm.janusgraph.utils.importer.util.Worker,addListener/1[com.ibm.janusgraph.utils.importer.util.WorkerListener],listener,1
/home/sandro/workspace/sandro/MLCQCodeSmellSamples/scripts/../dataset/janusgraph-utils_b4584a3cbeec49f0df14d364aeb03976f5d5ca19/src/main/java/com/ibm/janusgraph/utils/importer/vertex/VertexLoaderWorker.java,com.ibm.janusgraph.utils.importer.vertex.VertexLoaderWorker,"VertexLoaderWorker/3[java.util.Iterator<java.util.Map<java.lang.String,java.lang.String>>,java.util.Map<java.lang.String,java.lang.Object>,com.ibm.janusgraph.utils.importer.vertex.JanusGraph]",records,1
/home/sandro/workspace/sandro/MLCQCodeSmellSamples/scripts/../dataset/janusgraph-utils_b4584a3cbeec49f0df14d364aeb03976f5d5ca19/src/main/java/com/ibm/janusgraph/utils/importer/vertex/VertexLoaderWorker.java,com.ibm.janusgraph.utils.importer.vertex.VertexLoaderWorker,"VertexLoaderWorker/3[java.util.Iterator<java.util.Map<java.lang.String,java.lang.String>>,java.util.Map<java.lang.String,java.lang.Object>,com.ibm.janusgraph.utils.importer.vertex.JanusGraph]",propertiesMap,5
/home/sandro/workspace/sandro/MLCQCodeSmellSamples/scripts/../dataset/janusgraph-utils_b4584a3cbeec49f0df14d364aeb03976f5d5ca19/src/main/java/com/ibm/janusgraph/utils/importer/vertex/VertexLoaderWorker.java,com.ibm.janusgraph.utils.importer.vertex.VertexLoaderWorker,"VertexLoaderWorker/3[java.util.Iterator<java.util.Map<java.lang.String,java.lang.String>>,java.util.Map<java.lang.String,java.lang.Object>,com.ibm.janusgraph.utils.importer.vertex.JanusGraph]",propName,2
/home/sandro/workspace/sandro/MLCQCodeSmellSamples/scripts/../dataset/janusgraph-utils_b4584a3cbeec49f0df14d364aeb03976f5d5ca19/src/main/java/com/ibm/janusgraph/utils/importer/vertex/VertexLoaderWorker.java,com.ibm.janusgraph.utils.importer.vertex.VertexLoaderWorker,"VertexLoaderWorker/3[java.util.Iterator<java.util.Map<java.lang.String,java.lang.String>>,java.util.Map<java.lang.String,java.lang.Object>,com.ibm.janusgraph.utils.importer.vertex.JanusGraph]",graph,1
/home/sandro/workspace/sandro/MLCQCodeSmellSamples/scripts/../dataset/janusgraph-utils_b4584a3cbeec49f0df14d364aeb03976f5d5ca19/src/main/java/com/ibm/janusgraph/utils/importer/vertex/VertexLoaderWorker.java,com.ibm.janusgraph.utils.importer.vertex.VertexLoaderWorker,"acceptRecord/1[java.util.Map<java.lang.String,java.lang.String>]",v,2
/home/sandro/workspace/sandro/MLCQCodeSmellSamples/scripts/../dataset/janusgraph-utils_b4584a3cbeec49f0df14d364aeb03976f5d5ca19/src/main/java/com/ibm/janusgraph/utils/importer/vertex/VertexLoaderWorker.java,com.ibm.janusgraph.utils.importer.vertex.VertexLoaderWorker,"acceptRecord/1[java.util.Map<java.lang.String,java.lang.String>]",record,3
/home/sandro/workspace/sandro/MLCQCodeSmellSamples/scripts/../dataset/janusgraph-utils_b4584a3cbeec49f0df14d364aeb03976f5d5ca19/src/main/java/com/ibm/janusgraph/utils/importer/vertex/VertexLoaderWorker.java,com.ibm.janusgraph.utils.importer.vertex.VertexLoaderWorker,"acceptRecord/1[java.util.Map<java.lang.String,java.lang.String>]",column,3
/home/sandro/workspace/sandro/MLCQCodeSmellSamples/scripts/../dataset/janusgraph-utils_b4584a3cbeec49f0df14d364aeb03976f5d5ca19/src/main/java/com/ibm/janusgraph/utils/importer/vertex/VertexLoaderWorker.java,com.ibm.janusgraph.utils.importer.vertex.VertexLoaderWorker,"acceptRecord/1[java.util.Map<java.lang.String,java.lang.String>]",convertedValue,1
/home/sandro/workspace/sandro/MLCQCodeSmellSamples/scripts/../dataset/janusgraph-utils_b4584a3cbeec49f0df14d364aeb03976f5d5ca19/src/main/java/com/ibm/janusgraph/utils/importer/vertex/VertexLoaderWorker.java,com.ibm.janusgraph.utils.importer.vertex.VertexLoaderWorker,"acceptRecord/1[java.util.Map<java.lang.String,java.lang.String>]",vertexLabel,2
/home/sandro/workspace/sandro/MLCQCodeSmellSamples/scripts/../dataset/janusgraph-utils_b4584a3cbeec49f0df14d364aeb03976f5d5ca19/src/main/java/com/ibm/janusgraph/utils/importer/vertex/VertexLoaderWorker.java,com.ibm.janusgraph.utils.importer.vertex.VertexLoaderWorker,"acceptRecord/1[java.util.Map<java.lang.String,java.lang.String>]",value,3
/home/sandro/workspace/sandro/MLCQCodeSmellSamples/scripts/../dataset/janusgraph-utils_b4584a3cbeec49f0df14d364aeb03976f5d5ca19/src/main/java/com/ibm/janusgraph/utils/importer/vertex/VertexLoaderWorker.java,com.ibm.janusgraph.utils.importer.vertex.VertexLoaderWorker,"acceptRecord/1[java.util.Map<java.lang.String,java.lang.String>]",propName,4
/home/sandro/workspace/sandro/MLCQCodeSmellSamples/scripts/../dataset/janusgraph-utils_b4584a3cbeec49f0df14d364aeb03976f5d5ca19/src/main/java/com/ibm/janusgraph/utils/generator/IdStore.java,com.ibm.janusgraph.utils.generator.IdStore$TooManyEdgeExeption,"TooManyEdgeExeption/2[com.ibm.janusgraph.utils.generator.bean.RelationBean,java.lang.String]",multiplicity,1
/home/sandro/workspace/sandro/MLCQCodeSmellSamples/scripts/../dataset/janusgraph-utils_b4584a3cbeec49f0df14d364aeb03976f5d5ca19/src/main/java/com/ibm/janusgraph/utils/generator/IdStore.java,com.ibm.janusgraph.utils.generator.IdStore$TooManyEdgeExeption,"TooManyEdgeExeption/2[com.ibm.janusgraph.utils.generator.bean.RelationBean,java.lang.String]",relation,4
/home/sandro/workspace/sandro/MLCQCodeSmellSamples/scripts/../dataset/janusgraph-utils_b4584a3cbeec49f0df14d364aeb03976f5d5ca19/src/main/java/com/ibm/janusgraph/utils/importer/edge/EdgeLoaderWorker.java,com.ibm.janusgraph.utils.importer.edge.EdgeLoaderWorker$Anonymous1,"accept/1[java.util.Map<java.lang.String,java.lang.String>]",e,1
/home/sandro/workspace/sandro/MLCQCodeSmellSamples/scripts/../dataset/janusgraph-utils_b4584a3cbeec49f0df14d364aeb03976f5d5ca19/src/main/java/com/ibm/janusgraph/utils/importer/edge/EdgeLoaderWorker.java,com.ibm.janusgraph.utils.importer.edge.EdgeLoaderWorker$Anonymous1,"accept/1[java.util.Map<java.lang.String,java.lang.String>]",record,1
/home/sandro/workspace/sandro/MLCQCodeSmellSamples/scripts/../dataset/janusgraph-utils_b4584a3cbeec49f0df14d364aeb03976f5d5ca19/src/main/java/com/ibm/janusgraph/utils/generator/IdStore.java,com.ibm.janusgraph.utils.generator.IdStore$SimpleRelationStore,SimpleRelationStore/1[com.ibm.janusgraph.utils.generator.bean.RelationBean],relation,2
/home/sandro/workspace/sandro/MLCQCodeSmellSamples/scripts/../dataset/janusgraph-utils_b4584a3cbeec49f0df14d364aeb03976f5d5ca19/src/main/java/com/ibm/janusgraph/utils/generator/IdStore.java,com.ibm.janusgraph.utils.generator.IdStore$SimpleRelationStore,getIds/1[int],a,2
/home/sandro/workspace/sandro/MLCQCodeSmellSamples/scripts/../dataset/janusgraph-utils_b4584a3cbeec49f0df14d364aeb03976f5d5ca19/src/main/java/com/ibm/janusgraph/utils/generator/IdStore.java,com.ibm.janusgraph.utils.generator.IdStore$SimpleRelationStore,getIds/1[int],left,5
/home/sandro/workspace/sandro/MLCQCodeSmellSamples/scripts/../dataset/janusgraph-utils_b4584a3cbeec49f0df14d364aeb03976f5d5ca19/src/main/java/com/ibm/janusgraph/utils/generator/IdStore.java,com.ibm.janusgraph.utils.generator.IdStore$SimpleRelationStore,"put/2[int,int]",left,5
/home/sandro/workspace/sandro/MLCQCodeSmellSamples/scripts/../dataset/janusgraph-utils_b4584a3cbeec49f0df14d364aeb03976f5d5ca19/src/main/java/com/ibm/janusgraph/utils/generator/IdStore.java,com.ibm.janusgraph.utils.generator.IdStore$SimpleRelationStore,"put/2[int,int]",right,1
/home/sandro/workspace/sandro/MLCQCodeSmellSamples/scripts/../dataset/janusgraph-utils_b4584a3cbeec49f0df14d364aeb03976f5d5ca19/src/main/java/com/ibm/janusgraph/utils/importer/util/BatchHelper.java,com.ibm.janusgraph.utils.importer.util.BatchHelper,"convertPropertyValue/2[java.lang.String,java.lang.Class<?>]",dataType,2
/home/sandro/workspace/sandro/MLCQCodeSmellSamples/scripts/../dataset/janusgraph-utils_b4584a3cbeec49f0df14d364aeb03976f5d5ca19/src/main/java/com/ibm/janusgraph/utils/importer/util/BatchHelper.java,com.ibm.janusgraph.utils.importer.util.BatchHelper,"convertPropertyValue/2[java.lang.String,java.lang.Class<?>]",convertedValue,4
/home/sandro/workspace/sandro/MLCQCodeSmellSamples/scripts/../dataset/janusgraph-utils_b4584a3cbeec49f0df14d364aeb03976f5d5ca19/src/main/java/com/ibm/janusgraph/utils/importer/util/BatchHelper.java,com.ibm.janusgraph.utils.importer.util.BatchHelper,"convertPropertyValue/2[java.lang.String,java.lang.Class<?>]",value,3
/home/sandro/workspace/sandro/MLCQCodeSmellSamples/scripts/../dataset/janusgraph-utils_b4584a3cbeec49f0df14d364aeb03976f5d5ca19/src/main/java/com/ibm/janusgraph/utils/importer/util/BatchHelper.java,com.ibm.janusgraph.utils.importer.util.BatchHelper,countLines/1[java.lang.String],lnr,3
/home/sandro/workspace/sandro/MLCQCodeSmellSamples/scripts/../dataset/janusgraph-utils_b4584a3cbeec49f0df14d364aeb03976f5d5ca19/src/main/java/com/ibm/janusgraph/utils/importer/util/BatchHelper.java,com.ibm.janusgraph.utils.importer.util.BatchHelper,countLines/1[java.lang.String],filePath,1
/home/sandro/workspace/sandro/MLCQCodeSmellSamples/scripts/../dataset/janusgraph-utils_b4584a3cbeec49f0df14d364aeb03976f5d5ca19/src/main/java/com/ibm/janusgraph/utils/importer/util/BatchHelper.java,com.ibm.janusgraph.utils.importer.util.BatchHelper,convertDate/1[java.lang.String],dateParser,7
/home/sandro/workspace/sandro/MLCQCodeSmellSamples/scripts/../dataset/janusgraph-utils_b4584a3cbeec49f0df14d364aeb03976f5d5ca19/src/main/java/com/ibm/janusgraph/utils/importer/util/BatchHelper.java,com.ibm.janusgraph.utils.importer.util.BatchHelper,convertDate/1[java.lang.String],i,2
/home/sandro/workspace/sandro/MLCQCodeSmellSamples/scripts/../dataset/janusgraph-utils_b4584a3cbeec49f0df14d364aeb03976f5d5ca19/src/main/java/com/ibm/janusgraph/utils/importer/util/BatchHelper.java,com.ibm.janusgraph.utils.importer.util.BatchHelper,convertDate/1[java.lang.String],inputDate,9
/home/sandro/workspace/sandro/MLCQCodeSmellSamples/scripts/../dataset/janusgraph-utils_b4584a3cbeec49f0df14d364aeb03976f5d5ca19/src/main/java/com/ibm/janusgraph/utils/generator/bean/EdgeMapBean.java,com.ibm.janusgraph.utils.generator.bean.EdgeMapBean,EdgeMapBean/1[java.lang.String],labelName,1
/home/sandro/workspace/sandro/MLCQCodeSmellSamples/scripts/../dataset/janusgraph-utils_b4584a3cbeec49f0df14d364aeb03976f5d5ca19/src/main/java/com/ibm/janusgraph/utils/generator/CSVGenerator.java,com.ibm.janusgraph.utils.generator.CSVGenerator,writeAllCSVs/1[java.lang.String],edge,1
/home/sandro/workspace/sandro/MLCQCodeSmellSamples/scripts/../dataset/janusgraph-utils_b4584a3cbeec49f0df14d364aeb03976f5d5ca19/src/main/java/com/ibm/janusgraph/utils/generator/CSVGenerator.java,com.ibm.janusgraph.utils.generator.CSVGenerator,writeAllCSVs/1[java.lang.String],task,3
/home/sandro/workspace/sandro/MLCQCodeSmellSamples/scripts/../dataset/janusgraph-utils_b4584a3cbeec49f0df14d364aeb03976f5d5ca19/src/main/java/com/ibm/janusgraph/utils/generator/CSVGenerator.java,com.ibm.janusgraph.utils.generator.CSVGenerator,writeAllCSVs/1[java.lang.String],vertex,1
/home/sandro/workspace/sandro/MLCQCodeSmellSamples/scripts/../dataset/janusgraph-utils_b4584a3cbeec49f0df14d364aeb03976f5d5ca19/src/main/java/com/ibm/janusgraph/utils/generator/CSVGenerator.java,com.ibm.janusgraph.utils.generator.CSVGenerator,writeAllCSVs/1[java.lang.String],outputDirectory,2
/home/sandro/workspace/sandro/MLCQCodeSmellSamples/scripts/../dataset/janusgraph-utils_b4584a3cbeec49f0df14d364aeb03976f5d5ca19/src/main/java/com/ibm/janusgraph/utils/generator/CSVGenerator.java,com.ibm.janusgraph.utils.generator.CSVGenerator,"writeEdgeCSVs/2[com.ibm.janusgraph.utils.generator.bean.EdgeTypeBean,java.lang.String]",csvFile,2
/home/sandro/workspace/sandro/MLCQCodeSmellSamples/scripts/../dataset/janusgraph-utils_b4584a3cbeec49f0df14d364aeb03976f5d5ca19/src/main/java/com/ibm/janusgraph/utils/generator/CSVGenerator.java,com.ibm.janusgraph.utils.generator.CSVGenerator,"writeEdgeCSVs/2[com.ibm.janusgraph.utils.generator.bean.EdgeTypeBean,java.lang.String]",e,4
/home/sandro/workspace/sandro/MLCQCodeSmellSamples/scripts/../dataset/janusgraph-utils_b4584a3cbeec49f0df14d364aeb03976f5d5ca19/src/main/java/com/ibm/janusgraph/utils/generator/CSVGenerator.java,com.ibm.janusgraph.utils.generator.CSVGenerator,"writeEdgeCSVs/2[com.ibm.janusgraph.utils.generator.bean.EdgeTypeBean,java.lang.String]",i,2
/home/sandro/workspace/sandro/MLCQCodeSmellSamples/scripts/../dataset/janusgraph-utils_b4584a3cbeec49f0df14d364aeb03976f5d5ca19/src/main/java/com/ibm/janusgraph/utils/generator/CSVGenerator.java,com.ibm.janusgraph.utils.generator.CSVGenerator,"writeEdgeCSVs/2[com.ibm.janusgraph.utils.generator.bean.EdgeTypeBean,java.lang.String]",type,9
/home/sandro/workspace/sandro/MLCQCodeSmellSamples/scripts/../dataset/janusgraph-utils_b4584a3cbeec49f0df14d364aeb03976f5d5ca19/src/main/java/com/ibm/janusgraph/utils/generator/CSVGenerator.java,com.ibm.janusgraph.utils.generator.CSVGenerator,"writeEdgeCSVs/2[com.ibm.janusgraph.utils.generator.bean.EdgeTypeBean,java.lang.String]",numE,2
/home/sandro/workspace/sandro/MLCQCodeSmellSamples/scripts/../dataset/janusgraph-utils_b4584a3cbeec49f0df14d364aeb03976f5d5ca19/src/main/java/com/ibm/janusgraph/utils/generator/CSVGenerator.java,com.ibm.janusgraph.utils.generator.CSVGenerator,"writeEdgeCSVs/2[com.ibm.janusgraph.utils.generator.bean.EdgeTypeBean,java.lang.String]",relation,8
/home/sandro/workspace/sandro/MLCQCodeSmellSamples/scripts/../dataset/janusgraph-utils_b4584a3cbeec49f0df14d364aeb03976f5d5ca19/src/main/java/com/ibm/janusgraph/utils/generator/CSVGenerator.java,com.ibm.janusgraph.utils.generator.CSVGenerator,"writeEdgeCSVs/2[com.ibm.janusgraph.utils.generator.bean.EdgeTypeBean,java.lang.String]",csvFilePrinter,4
/home/sandro/workspace/sandro/MLCQCodeSmellSamples/scripts/../dataset/janusgraph-utils_b4584a3cbeec49f0df14d364aeb03976f5d5ca19/src/main/java/com/ibm/janusgraph/utils/generator/CSVGenerator.java,com.ibm.janusgraph.utils.generator.CSVGenerator,"writeEdgeCSVs/2[com.ibm.janusgraph.utils.generator.bean.EdgeTypeBean,java.lang.String]",v,3
/home/sandro/workspace/sandro/MLCQCodeSmellSamples/scripts/../dataset/janusgraph-utils_b4584a3cbeec49f0df14d364aeb03976f5d5ca19/src/main/java/com/ibm/janusgraph/utils/generator/CSVGenerator.java,com.ibm.janusgraph.utils.generator.CSVGenerator,"writeEdgeCSVs/2[com.ibm.janusgraph.utils.generator.bean.EdgeTypeBean,java.lang.String]",record,7
/home/sandro/workspace/sandro/MLCQCodeSmellSamples/scripts/../dataset/janusgraph-utils_b4584a3cbeec49f0df14d364aeb03976f5d5ca19/src/main/java/com/ibm/janusgraph/utils/generator/CSVGenerator.java,com.ibm.janusgraph.utils.generator.CSVGenerator,"writeEdgeCSVs/2[com.ibm.janusgraph.utils.generator.bean.EdgeTypeBean,java.lang.String]",header,4
/home/sandro/workspace/sandro/MLCQCodeSmellSamples/scripts/../dataset/janusgraph-utils_b4584a3cbeec49f0df14d364aeb03976f5d5ca19/src/main/java/com/ibm/janusgraph/utils/generator/CSVGenerator.java,com.ibm.janusgraph.utils.generator.CSVGenerator,"writeEdgeCSVs/2[com.ibm.janusgraph.utils.generator.bean.EdgeTypeBean,java.lang.String]",ids,4
/home/sandro/workspace/sandro/MLCQCodeSmellSamples/scripts/../dataset/janusgraph-utils_b4584a3cbeec49f0df14d364aeb03976f5d5ca19/src/main/java/com/ibm/janusgraph/utils/generator/CSVGenerator.java,com.ibm.janusgraph.utils.generator.CSVGenerator,"writeEdgeCSVs/2[com.ibm.janusgraph.utils.generator.bean.EdgeTypeBean,java.lang.String]",outputDirectory,1
/home/sandro/workspace/sandro/MLCQCodeSmellSamples/scripts/../dataset/janusgraph-utils_b4584a3cbeec49f0df14d364aeb03976f5d5ca19/src/main/java/com/ibm/janusgraph/utils/generator/CSVGenerator.java,com.ibm.janusgraph.utils.generator.CSVGenerator,"writeEdgeCSVs/2[com.ibm.janusgraph.utils.generator.bean.EdgeTypeBean,java.lang.String]",idStore,2
/home/sandro/workspace/sandro/MLCQCodeSmellSamples/scripts/../dataset/janusgraph-utils_b4584a3cbeec49f0df14d364aeb03976f5d5ca19/src/main/java/com/ibm/janusgraph/utils/generator/CSVGenerator.java,com.ibm.janusgraph.utils.generator.CSVGenerator,"writeEdgeCSVs/2[com.ibm.janusgraph.utils.generator.bean.EdgeTypeBean,java.lang.String]",minId,2
/home/sandro/workspace/sandro/MLCQCodeSmellSamples/scripts/../dataset/janusgraph-utils_b4584a3cbeec49f0df14d364aeb03976f5d5ca19/src/main/java/com/ibm/janusgraph/utils/generator/CSVGenerator.java,com.ibm.janusgraph.utils.generator.CSVGenerator,"writeEdgeCSVs/2[com.ibm.janusgraph.utils.generator.bean.EdgeTypeBean,java.lang.String]",numSuperV,2
/home/sandro/workspace/sandro/MLCQCodeSmellSamples/scripts/../dataset/janusgraph-utils_b4584a3cbeec49f0df14d364aeb03976f5d5ca19/src/main/java/com/ibm/janusgraph/utils/generator/CSVGenerator.java,com.ibm.janusgraph.utils.generator.CSVGenerator,"writeVertexCSV/2[com.ibm.janusgraph.utils.generator.bean.VertexTypeBean,java.lang.String]",csvFile,2
/home/sandro/workspace/sandro/MLCQCodeSmellSamples/scripts/../dataset/janusgraph-utils_b4584a3cbeec49f0df14d364aeb03976f5d5ca19/src/main/java/com/ibm/janusgraph/utils/generator/CSVGenerator.java,com.ibm.janusgraph.utils.generator.CSVGenerator,"writeVertexCSV/2[com.ibm.janusgraph.utils.generator.bean.VertexTypeBean,java.lang.String]",e,1
/home/sandro/workspace/sandro/MLCQCodeSmellSamples/scripts/../dataset/janusgraph-utils_b4584a3cbeec49f0df14d364aeb03976f5d5ca19/src/main/java/com/ibm/janusgraph/utils/generator/CSVGenerator.java,com.ibm.janusgraph.utils.generator.CSVGenerator,"writeVertexCSV/2[com.ibm.janusgraph.utils.generator.bean.VertexTypeBean,java.lang.String]",topId,1
/home/sandro/workspace/sandro/MLCQCodeSmellSamples/scripts/../dataset/janusgraph-utils_b4584a3cbeec49f0df14d364aeb03976f5d5ca19/src/main/java/com/ibm/janusgraph/utils/generator/CSVGenerator.java,com.ibm.janusgraph.utils.generator.CSVGenerator,"writeVertexCSV/2[com.ibm.janusgraph.utils.generator.bean.VertexTypeBean,java.lang.String]",record,3
/home/sandro/workspace/sandro/MLCQCodeSmellSamples/scripts/../dataset/janusgraph-utils_b4584a3cbeec49f0df14d364aeb03976f5d5ca19/src/main/java/com/ibm/janusgraph/utils/generator/CSVGenerator.java,com.ibm.janusgraph.utils.generator.CSVGenerator,"writeVertexCSV/2[com.ibm.janusgraph.utils.generator.bean.VertexTypeBean,java.lang.String]",header,3
/home/sandro/workspace/sandro/MLCQCodeSmellSamples/scripts/../dataset/janusgraph-utils_b4584a3cbeec49f0df14d364aeb03976f5d5ca19/src/main/java/com/ibm/janusgraph/utils/generator/CSVGenerator.java,com.ibm.janusgraph.utils.generator.CSVGenerator,"writeVertexCSV/2[com.ibm.janusgraph.utils.generator.bean.VertexTypeBean,java.lang.String]",i,3
/home/sandro/workspace/sandro/MLCQCodeSmellSamples/scripts/../dataset/janusgraph-utils_b4584a3cbeec49f0df14d364aeb03976f5d5ca19/src/main/java/com/ibm/janusgraph/utils/generator/CSVGenerator.java,com.ibm.janusgraph.utils.generator.CSVGenerator,"writeVertexCSV/2[com.ibm.janusgraph.utils.generator.bean.VertexTypeBean,java.lang.String]",outputDirectory,1
/home/sandro/workspace/sandro/MLCQCodeSmellSamples/scripts/../dataset/janusgraph-utils_b4584a3cbeec49f0df14d364aeb03976f5d5ca19/src/main/java/com/ibm/janusgraph/utils/generator/CSVGenerator.java,com.ibm.janusgraph.utils.generator.CSVGenerator,"writeVertexCSV/2[com.ibm.janusgraph.utils.generator.bean.VertexTypeBean,java.lang.String]",botId,1
/home/sandro/workspace/sandro/MLCQCodeSmellSamples/scripts/../dataset/janusgraph-utils_b4584a3cbeec49f0df14d364aeb03976f5d5ca19/src/main/java/com/ibm/janusgraph/utils/generator/CSVGenerator.java,com.ibm.janusgraph.utils.generator.CSVGenerator,"writeVertexCSV/2[com.ibm.janusgraph.utils.generator.bean.VertexTypeBean,java.lang.String]",type,5
/home/sandro/workspace/sandro/MLCQCodeSmellSamples/scripts/../dataset/janusgraph-utils_b4584a3cbeec49f0df14d364aeb03976f5d5ca19/src/main/java/com/ibm/janusgraph/utils/generator/CSVGenerator.java,com.ibm.janusgraph.utils.generator.CSVGenerator,"writeVertexCSV/2[com.ibm.janusgraph.utils.generator.bean.VertexTypeBean,java.lang.String]",csvFilePrinter,3
/home/sandro/workspace/sandro/MLCQCodeSmellSamples/scripts/../dataset/janusgraph-utils_b4584a3cbeec49f0df14d364aeb03976f5d5ca19/src/main/java/com/ibm/janusgraph/utils/generator/CSVGenerator.java,com.ibm.janusgraph.utils.generator.CSVGenerator,CSVGenerator/1[java.lang.String],csvConfPath,1
/home/sandro/workspace/sandro/MLCQCodeSmellSamples/scripts/../dataset/janusgraph-utils_b4584a3cbeec49f0df14d364aeb03976f5d5ca19/src/main/java/com/ibm/janusgraph/utils/generator/CSVGenerator.java,com.ibm.janusgraph.utils.generator.CSVGenerator,"generateOneRecord/1[java.util.Map<java.lang.String,com.ibm.janusgraph.utils.generator.bean.ColumnBean>]",rec,11
/home/sandro/workspace/sandro/MLCQCodeSmellSamples/scripts/../dataset/janusgraph-utils_b4584a3cbeec49f0df14d364aeb03976f5d5ca19/src/main/java/com/ibm/janusgraph/utils/generator/CSVGenerator.java,com.ibm.janusgraph.utils.generator.CSVGenerator,"generateOneRecord/1[java.util.Map<java.lang.String,com.ibm.janusgraph.utils.generator.bean.ColumnBean>]",toInt,3
/home/sandro/workspace/sandro/MLCQCodeSmellSamples/scripts/../dataset/janusgraph-utils_b4584a3cbeec49f0df14d364aeb03976f5d5ca19/src/main/java/com/ibm/janusgraph/utils/generator/CSVGenerator.java,com.ibm.janusgraph.utils.generator.CSVGenerator,"generateOneRecord/1[java.util.Map<java.lang.String,com.ibm.janusgraph.utils.generator.bean.ColumnBean>]",e,1
/home/sandro/workspace/sandro/MLCQCodeSmellSamples/scripts/../dataset/janusgraph-utils_b4584a3cbeec49f0df14d364aeb03976f5d5ca19/src/main/java/com/ibm/janusgraph/utils/generator/CSVGenerator.java,com.ibm.janusgraph.utils.generator.CSVGenerator,"generateOneRecord/1[java.util.Map<java.lang.String,com.ibm.janusgraph.utils.generator.bean.ColumnBean>]",columns,1
/home/sandro/workspace/sandro/MLCQCodeSmellSamples/scripts/../dataset/janusgraph-utils_b4584a3cbeec49f0df14d364aeb03976f5d5ca19/src/main/java/com/ibm/janusgraph/utils/generator/CSVGenerator.java,com.ibm.janusgraph.utils.generator.CSVGenerator,"generateOneRecord/1[java.util.Map<java.lang.String,com.ibm.janusgraph.utils.generator.bean.ColumnBean>]",faker,10
/home/sandro/workspace/sandro/MLCQCodeSmellSamples/scripts/../dataset/janusgraph-utils_b4584a3cbeec49f0df14d364aeb03976f5d5ca19/src/main/java/com/ibm/janusgraph/utils/generator/CSVGenerator.java,com.ibm.janusgraph.utils.generator.CSVGenerator,"generateOneRecord/1[java.util.Map<java.lang.String,com.ibm.janusgraph.utils.generator.bean.ColumnBean>]",fromInt,3
/home/sandro/workspace/sandro/MLCQCodeSmellSamples/scripts/../dataset/janusgraph-utils_b4584a3cbeec49f0df14d364aeb03976f5d5ca19/src/main/java/com/ibm/janusgraph/utils/generator/CSVGenerator.java,com.ibm.janusgraph.utils.generator.CSVGenerator,"generateOneRecord/1[java.util.Map<java.lang.String,com.ibm.janusgraph.utils.generator.bean.ColumnBean>]",roles,5
/home/sandro/workspace/sandro/MLCQCodeSmellSamples/scripts/../dataset/janusgraph-utils_b4584a3cbeec49f0df14d364aeb03976f5d5ca19/src/main/java/com/ibm/janusgraph/utils/generator/CSVGenerator.java,com.ibm.janusgraph.utils.generator.CSVGenerator,"generateOneRecord/1[java.util.Map<java.lang.String,com.ibm.janusgraph.utils.generator.bean.ColumnBean>]",name,2
/home/sandro/workspace/sandro/MLCQCodeSmellSamples/scripts/../dataset/janusgraph-utils_b4584a3cbeec49f0df14d364aeb03976f5d5ca19/src/main/java/com/ibm/janusgraph/utils/generator/CSVGenerator.java,com.ibm.janusgraph.utils.generator.CSVGenerator,"generateOneRecord/1[java.util.Map<java.lang.String,com.ibm.janusgraph.utils.generator.bean.ColumnBean>]",value,21
/home/sandro/workspace/sandro/MLCQCodeSmellSamples/scripts/../dataset/janusgraph-utils_b4584a3cbeec49f0df14d364aeb03976f5d5ca19/src/main/java/com/ibm/janusgraph/utils/generator/CSVGenerator.java,com.ibm.janusgraph.utils.generator.CSVGenerator,loadConfig/1[java.lang.String],confMapper,1
/home/sandro/workspace/sandro/MLCQCodeSmellSamples/scripts/../dataset/janusgraph-utils_b4584a3cbeec49f0df14d364aeb03976f5d5ca19/src/main/java/com/ibm/janusgraph/utils/generator/CSVGenerator.java,com.ibm.janusgraph.utils.generator.CSVGenerator,loadConfig/1[java.lang.String],e,1
/home/sandro/workspace/sandro/MLCQCodeSmellSamples/scripts/../dataset/janusgraph-utils_b4584a3cbeec49f0df14d364aeb03976f5d5ca19/src/main/java/com/ibm/janusgraph/utils/generator/CSVGenerator.java,com.ibm.janusgraph.utils.generator.CSVGenerator,loadConfig/1[java.lang.String],jsonConfFile,1
/home/sandro/workspace/sandro/MLCQCodeSmellSamples/scripts/../dataset/janusgraph-utils_b4584a3cbeec49f0df14d364aeb03976f5d5ca19/src/main/java/com/ibm/janusgraph/utils/generator/CSVGenerator.java,com.ibm.janusgraph.utils.generator.CSVGenerator,loadConfig/1[java.lang.String],conf,2
/home/sandro/workspace/sandro/MLCQCodeSmellSamples/scripts/../dataset/janusgraph-utils_b4584a3cbeec49f0df14d364aeb03976f5d5ca19/src/main/java/com/ibm/janusgraph/utils/generator/CSVGenerator.java,com.ibm.janusgraph.utils.generator.CSVGenerator,isValidConfig/1[com.ibm.janusgraph.utils.generator.bean.CSVConfig],typeArray,5
/home/sandro/workspace/sandro/MLCQCodeSmellSamples/scripts/../dataset/janusgraph-utils_b4584a3cbeec49f0df14d364aeb03976f5d5ca19/src/main/java/com/ibm/janusgraph/utils/generator/CSVGenerator.java,com.ibm.janusgraph.utils.generator.CSVGenerator,isValidConfig/1[com.ibm.janusgraph.utils.generator.bean.CSVConfig],vertextype,1
/home/sandro/workspace/sandro/MLCQCodeSmellSamples/scripts/../dataset/janusgraph-utils_b4584a3cbeec49f0df14d364aeb03976f5d5ca19/src/main/java/com/ibm/janusgraph/utils/generator/CSVGenerator.java,com.ibm.janusgraph.utils.generator.CSVGenerator,isValidConfig/1[com.ibm.janusgraph.utils.generator.bean.CSVConfig],e,1
/home/sandro/workspace/sandro/MLCQCodeSmellSamples/scripts/../dataset/janusgraph-utils_b4584a3cbeec49f0df14d364aeb03976f5d5ca19/src/main/java/com/ibm/janusgraph/utils/generator/CSVGenerator.java,com.ibm.janusgraph.utils.generator.CSVGenerator,isValidConfig/1[com.ibm.janusgraph.utils.generator.bean.CSVConfig],edgeType,1
/home/sandro/workspace/sandro/MLCQCodeSmellSamples/scripts/../dataset/janusgraph-utils_b4584a3cbeec49f0df14d364aeb03976f5d5ca19/src/main/java/com/ibm/janusgraph/utils/generator/CSVGenerator.java,com.ibm.janusgraph.utils.generator.CSVGenerator,isValidConfig/1[com.ibm.janusgraph.utils.generator.bean.CSVConfig],vTypes,2
/home/sandro/workspace/sandro/MLCQCodeSmellSamples/scripts/../dataset/janusgraph-utils_b4584a3cbeec49f0df14d364aeb03976f5d5ca19/src/main/java/com/ibm/janusgraph/utils/generator/CSVGenerator.java,com.ibm.janusgraph.utils.generator.CSVGenerator,isValidConfig/1[com.ibm.janusgraph.utils.generator.bean.CSVConfig],mapper,2
/home/sandro/workspace/sandro/MLCQCodeSmellSamples/scripts/../dataset/janusgraph-utils_b4584a3cbeec49f0df14d364aeb03976f5d5ca19/src/main/java/com/ibm/janusgraph/utils/generator/CSVGenerator.java,com.ibm.janusgraph.utils.generator.CSVGenerator,isValidConfig/1[com.ibm.janusgraph.utils.generator.bean.CSVConfig],type,3
/home/sandro/workspace/sandro/MLCQCodeSmellSamples/scripts/../dataset/janusgraph-utils_b4584a3cbeec49f0df14d364aeb03976f5d5ca19/src/main/java/com/ibm/janusgraph/utils/generator/CSVGenerator.java,com.ibm.janusgraph.utils.generator.CSVGenerator,isValidConfig/1[com.ibm.janusgraph.utils.generator.bean.CSVConfig],config,3
/home/sandro/workspace/sandro/MLCQCodeSmellSamples/scripts/../dataset/janusgraph-utils_b4584a3cbeec49f0df14d364aeb03976f5d5ca19/src/main/java/com/ibm/janusgraph/utils/generator/CSVGenerator.java,com.ibm.janusgraph.utils.generator.CSVGenerator,isValidConfig/1[com.ibm.janusgraph.utils.generator.bean.CSVConfig],relation,9
/home/sandro/workspace/sandro/MLCQCodeSmellSamples/scripts/../dataset/janusgraph-utils_b4584a3cbeec49f0df14d364aeb03976f5d5ca19/src/main/java/com/ibm/janusgraph/utils/generator/GSONUtil.java,com.ibm.janusgraph.utils.generator.GSONUtil,configToSchema/1[java.lang.String],col,11
/home/sandro/workspace/sandro/MLCQCodeSmellSamples/scripts/../dataset/janusgraph-utils_b4584a3cbeec49f0df14d364aeb03976f5d5ca19/src/main/java/com/ibm/janusgraph/utils/generator/GSONUtil.java,com.ibm.janusgraph.utils.generator.GSONUtil,configToSchema/1[java.lang.String],indexOnly,7
/home/sandro/workspace/sandro/MLCQCodeSmellSamples/scripts/../dataset/janusgraph-utils_b4584a3cbeec49f0df14d364aeb03976f5d5ca19/src/main/java/com/ibm/janusgraph/utils/generator/GSONUtil.java,com.ibm.janusgraph.utils.generator.GSONUtil,configToSchema/1[java.lang.String],mixedIndex,8
/home/sandro/workspace/sandro/MLCQCodeSmellSamples/scripts/../dataset/janusgraph-utils_b4584a3cbeec49f0df14d364aeb03976f5d5ca19/src/main/java/com/ibm/janusgraph/utils/generator/GSONUtil.java,com.ibm.janusgraph.utils.generator.GSONUtil,configToSchema/1[java.lang.String],propertyKeyType,3
/home/sandro/workspace/sandro/MLCQCodeSmellSamples/scripts/../dataset/janusgraph-utils_b4584a3cbeec49f0df14d364aeb03976f5d5ca19/src/main/java/com/ibm/janusgraph/utils/generator/GSONUtil.java,com.ibm.janusgraph.utils.generator.GSONUtil,configToSchema/1[java.lang.String],nodeIdKey,1
/home/sandro/workspace/sandro/MLCQCodeSmellSamples/scripts/../dataset/janusgraph-utils_b4584a3cbeec49f0df14d364aeb03976f5d5ca19/src/main/java/com/ibm/janusgraph/utils/generator/GSONUtil.java,com.ibm.janusgraph.utils.generator.GSONUtil,configToSchema/1[java.lang.String],nodeIdIndex,1
/home/sandro/workspace/sandro/MLCQCodeSmellSamples/scripts/../dataset/janusgraph-utils_b4584a3cbeec49f0df14d364aeb03976f5d5ca19/src/main/java/com/ibm/janusgraph/utils/generator/GSONUtil.java,com.ibm.janusgraph.utils.generator.GSONUtil,configToSchema/1[java.lang.String],index,11
/home/sandro/workspace/sandro/MLCQCodeSmellSamples/scripts/../dataset/janusgraph-utils_b4584a3cbeec49f0df14d364aeb03976f5d5ca19/src/main/java/com/ibm/janusgraph/utils/generator/GSONUtil.java,com.ibm.janusgraph.utils.generator.GSONUtil,configToSchema/1[java.lang.String],compositIndex,5
/home/sandro/workspace/sandro/MLCQCodeSmellSamples/scripts/../dataset/janusgraph-utils_b4584a3cbeec49f0df14d364aeb03976f5d5ca19/src/main/java/com/ibm/janusgraph/utils/generator/GSONUtil.java,com.ibm.janusgraph.utils.generator.GSONUtil,configToSchema/1[java.lang.String],type,7
/home/sandro/workspace/sandro/MLCQCodeSmellSamples/scripts/../dataset/janusgraph-utils_b4584a3cbeec49f0df14d364aeb03976f5d5ca19/src/main/java/com/ibm/janusgraph/utils/generator/GSONUtil.java,com.ibm.janusgraph.utils.generator.GSONUtil,configToSchema/1[java.lang.String],vertexLabel,1
/home/sandro/workspace/sandro/MLCQCodeSmellSamples/scripts/../dataset/janusgraph-utils_b4584a3cbeec49f0df14d364aeb03976f5d5ca19/src/main/java/com/ibm/janusgraph/utils/generator/GSONUtil.java,com.ibm.janusgraph.utils.generator.GSONUtil,configToSchema/1[java.lang.String],csvConf,2
/home/sandro/workspace/sandro/MLCQCodeSmellSamples/scripts/../dataset/janusgraph-utils_b4584a3cbeec49f0df14d364aeb03976f5d5ca19/src/main/java/com/ibm/janusgraph/utils/generator/GSONUtil.java,com.ibm.janusgraph.utils.generator.GSONUtil,configToSchema/1[java.lang.String],propertyKeyName,12
/home/sandro/workspace/sandro/MLCQCodeSmellSamples/scripts/../dataset/janusgraph-utils_b4584a3cbeec49f0df14d364aeb03976f5d5ca19/src/main/java/com/ibm/janusgraph/utils/generator/GSONUtil.java,com.ibm.janusgraph.utils.generator.GSONUtil,configToSchema/1[java.lang.String],gsonschema,16
/home/sandro/workspace/sandro/MLCQCodeSmellSamples/scripts/../dataset/janusgraph-utils_b4584a3cbeec49f0df14d364aeb03976f5d5ca19/src/main/java/com/ibm/janusgraph/utils/generator/GSONUtil.java,com.ibm.janusgraph.utils.generator.GSONUtil,configToSchema/1[java.lang.String],edgeLabel,1
/home/sandro/workspace/sandro/MLCQCodeSmellSamples/scripts/../dataset/janusgraph-utils_b4584a3cbeec49f0df14d364aeb03976f5d5ca19/src/main/java/com/ibm/janusgraph/utils/generator/GSONUtil.java,com.ibm.janusgraph.utils.generator.GSONUtil,configToSchema/1[java.lang.String],csvConfPath,1
/home/sandro/workspace/sandro/MLCQCodeSmellSamples/scripts/../dataset/janusgraph-utils_b4584a3cbeec49f0df14d364aeb03976f5d5ca19/src/main/java/com/ibm/janusgraph/utils/generator/GSONUtil.java,com.ibm.janusgraph.utils.generator.GSONUtil,loadSchema/1[java.lang.String],e,1
/home/sandro/workspace/sandro/MLCQCodeSmellSamples/scripts/../dataset/janusgraph-utils_b4584a3cbeec49f0df14d364aeb03976f5d5ca19/src/main/java/com/ibm/janusgraph/utils/generator/GSONUtil.java,com.ibm.janusgraph.utils.generator.GSONUtil,loadSchema/1[java.lang.String],gsonSchemaFile,1
/home/sandro/workspace/sandro/MLCQCodeSmellSamples/scripts/../dataset/janusgraph-utils_b4584a3cbeec49f0df14d364aeb03976f5d5ca19/src/main/java/com/ibm/janusgraph/utils/generator/GSONUtil.java,com.ibm.janusgraph.utils.generator.GSONUtil,loadSchema/1[java.lang.String],mapper,1
/home/sandro/workspace/sandro/MLCQCodeSmellSamples/scripts/../dataset/janusgraph-utils_b4584a3cbeec49f0df14d364aeb03976f5d5ca19/src/main/java/com/ibm/janusgraph/utils/generator/GSONUtil.java,com.ibm.janusgraph.utils.generator.GSONUtil,toDataMap/1[java.lang.String],vertex,7
/home/sandro/workspace/sandro/MLCQCodeSmellSamples/scripts/../dataset/janusgraph-utils_b4584a3cbeec49f0df14d364aeb03976f5d5ca19/src/main/java/com/ibm/janusgraph/utils/generator/GSONUtil.java,com.ibm.janusgraph.utils.generator.GSONUtil,toDataMap/1[java.lang.String],bmDataMap,3
/home/sandro/workspace/sandro/MLCQCodeSmellSamples/scripts/../dataset/janusgraph-utils_b4584a3cbeec49f0df14d364aeb03976f5d5ca19/src/main/java/com/ibm/janusgraph/utils/generator/GSONUtil.java,com.ibm.janusgraph.utils.generator.GSONUtil,toDataMap/1[java.lang.String],subMap,2
/home/sandro/workspace/sandro/MLCQCodeSmellSamples/scripts/../dataset/janusgraph-utils_b4584a3cbeec49f0df14d364aeb03976f5d5ca19/src/main/java/com/ibm/janusgraph/utils/generator/GSONUtil.java,com.ibm.janusgraph.utils.generator.GSONUtil,toDataMap/1[java.lang.String],csvConfigFile,1
/home/sandro/workspace/sandro/MLCQCodeSmellSamples/scripts/../dataset/janusgraph-utils_b4584a3cbeec49f0df14d364aeb03976f5d5ca19/src/main/java/com/ibm/janusgraph/utils/generator/GSONUtil.java,com.ibm.janusgraph.utils.generator.GSONUtil,toDataMap/1[java.lang.String],subMap2,2
/home/sandro/workspace/sandro/MLCQCodeSmellSamples/scripts/../dataset/janusgraph-utils_b4584a3cbeec49f0df14d364aeb03976f5d5ca19/src/main/java/com/ibm/janusgraph/utils/generator/GSONUtil.java,com.ibm.janusgraph.utils.generator.GSONUtil,toDataMap/1[java.lang.String],type,9
/home/sandro/workspace/sandro/MLCQCodeSmellSamples/scripts/../dataset/janusgraph-utils_b4584a3cbeec49f0df14d364aeb03976f5d5ca19/src/main/java/com/ibm/janusgraph/utils/generator/GSONUtil.java,com.ibm.janusgraph.utils.generator.GSONUtil,toDataMap/1[java.lang.String],edgeFileName,1
/home/sandro/workspace/sandro/MLCQCodeSmellSamples/scripts/../dataset/janusgraph-utils_b4584a3cbeec49f0df14d364aeb03976f5d5ca19/src/main/java/com/ibm/janusgraph/utils/generator/GSONUtil.java,com.ibm.janusgraph.utils.generator.GSONUtil,toDataMap/1[java.lang.String],vertexFileName,1
/home/sandro/workspace/sandro/MLCQCodeSmellSamples/scripts/../dataset/janusgraph-utils_b4584a3cbeec49f0df14d364aeb03976f5d5ca19/src/main/java/com/ibm/janusgraph/utils/generator/GSONUtil.java,com.ibm.janusgraph.utils.generator.GSONUtil,toDataMap/1[java.lang.String],key,5
/home/sandro/workspace/sandro/MLCQCodeSmellSamples/scripts/../dataset/janusgraph-utils_b4584a3cbeec49f0df14d364aeb03976f5d5ca19/src/main/java/com/ibm/janusgraph/utils/generator/GSONUtil.java,com.ibm.janusgraph.utils.generator.GSONUtil,toDataMap/1[java.lang.String],csvConf,2
/home/sandro/workspace/sandro/MLCQCodeSmellSamples/scripts/../dataset/janusgraph-utils_b4584a3cbeec49f0df14d364aeb03976f5d5ca19/src/main/java/com/ibm/janusgraph/utils/generator/GSONUtil.java,com.ibm.janusgraph.utils.generator.GSONUtil,toDataMap/1[java.lang.String],relation,4
/home/sandro/workspace/sandro/MLCQCodeSmellSamples/scripts/../dataset/janusgraph-utils_b4584a3cbeec49f0df14d364aeb03976f5d5ca19/src/main/java/com/ibm/janusgraph/utils/generator/GSONUtil.java,com.ibm.janusgraph.utils.generator.GSONUtil,"writeToFile/2[java.lang.String,java.lang.Object]",e,1
/home/sandro/workspace/sandro/MLCQCodeSmellSamples/scripts/../dataset/janusgraph-utils_b4584a3cbeec49f0df14d364aeb03976f5d5ca19/src/main/java/com/ibm/janusgraph/utils/generator/GSONUtil.java,com.ibm.janusgraph.utils.generator.GSONUtil,"writeToFile/2[java.lang.String,java.lang.Object]",mapper,2
/home/sandro/workspace/sandro/MLCQCodeSmellSamples/scripts/../dataset/janusgraph-utils_b4584a3cbeec49f0df14d364aeb03976f5d5ca19/src/main/java/com/ibm/janusgraph/utils/generator/GSONUtil.java,com.ibm.janusgraph.utils.generator.GSONUtil,"writeToFile/2[java.lang.String,java.lang.Object]",gson,1
/home/sandro/workspace/sandro/MLCQCodeSmellSamples/scripts/../dataset/janusgraph-utils_b4584a3cbeec49f0df14d364aeb03976f5d5ca19/src/main/java/com/ibm/janusgraph/utils/generator/GSONUtil.java,com.ibm.janusgraph.utils.generator.GSONUtil,"writeToFile/2[java.lang.String,java.lang.Object]",jsonOutputFile,2
/home/sandro/workspace/sandro/MLCQCodeSmellSamples/scripts/../dataset/janusgraph-utils_b4584a3cbeec49f0df14d364aeb03976f5d5ca19/src/main/java/com/ibm/janusgraph/utils/importer/dataloader/DataLoader.java,com.ibm.janusgraph.utils.importer.dataloader.DataLoader,"loadVertex/2[java.lang.String,java.lang.String]",mappingFile,1
/home/sandro/workspace/sandro/MLCQCodeSmellSamples/scripts/../dataset/janusgraph-utils_b4584a3cbeec49f0df14d364aeb03976f5d5ca19/src/main/java/com/ibm/janusgraph/utils/importer/dataloader/DataLoader.java,com.ibm.janusgraph.utils.importer.dataloader.DataLoader,"loadVertex/2[java.lang.String,java.lang.String]",filesDirectory,1
/home/sandro/workspace/sandro/MLCQCodeSmellSamples/scripts/../dataset/janusgraph-utils_b4584a3cbeec49f0df14d364aeb03976f5d5ca19/src/main/java/com/ibm/janusgraph/utils/importer/dataloader/DataLoader.java,com.ibm.janusgraph.utils.importer.dataloader.DataLoader,"loadEdges/2[java.lang.String,java.lang.String]",mappingFile,1
/home/sandro/workspace/sandro/MLCQCodeSmellSamples/scripts/../dataset/janusgraph-utils_b4584a3cbeec49f0df14d364aeb03976f5d5ca19/src/main/java/com/ibm/janusgraph/utils/importer/dataloader/DataLoader.java,com.ibm.janusgraph.utils.importer.dataloader.DataLoader,"loadEdges/2[java.lang.String,java.lang.String]",filesDirectory,1
/home/sandro/workspace/sandro/MLCQCodeSmellSamples/scripts/../dataset/janusgraph-utils_b4584a3cbeec49f0df14d364aeb03976f5d5ca19/src/main/java/com/ibm/janusgraph/utils/importer/dataloader/DataLoader.java,com.ibm.janusgraph.utils.importer.dataloader.DataLoader,"loadData/4[java.lang.String,java.lang.String,java.lang.String,java.lang.Class<com.ibm.janusgraph.utils.importer.util.Worker>]",mapping,1
/home/sandro/workspace/sandro/MLCQCodeSmellSamples/scripts/../dataset/janusgraph-utils_b4584a3cbeec49f0df14d364aeb03976f5d5ca19/src/main/java/com/ibm/janusgraph/utils/importer/dataloader/DataLoader.java,com.ibm.janusgraph.utils.importer.dataloader.DataLoader,"loadData/4[java.lang.String,java.lang.String,java.lang.String,java.lang.Class<com.ibm.janusgraph.utils.importer.util.Worker>]",fileName,2
/home/sandro/workspace/sandro/MLCQCodeSmellSamples/scripts/../dataset/janusgraph-utils_b4584a3cbeec49f0df14d364aeb03976f5d5ca19/src/main/java/com/ibm/janusgraph/utils/importer/dataloader/DataLoader.java,com.ibm.janusgraph.utils.importer.dataloader.DataLoader,"loadData/4[java.lang.String,java.lang.String,java.lang.String,java.lang.Class<com.ibm.janusgraph.utils.importer.util.Worker>]",workerClass,1
/home/sandro/workspace/sandro/MLCQCodeSmellSamples/scripts/../dataset/janusgraph-utils_b4584a3cbeec49f0df14d364aeb03976f5d5ca19/src/main/java/com/ibm/janusgraph/utils/importer/dataloader/DataLoader.java,com.ibm.janusgraph.utils.importer.dataloader.DataLoader,"loadData/4[java.lang.String,java.lang.String,java.lang.String,java.lang.Class<com.ibm.janusgraph.utils.importer.util.Worker>]",e,0
/home/sandro/workspace/sandro/MLCQCodeSmellSamples/scripts/../dataset/janusgraph-utils_b4584a3cbeec49f0df14d364aeb03976f5d5ca19/src/main/java/com/ibm/janusgraph/utils/importer/dataloader/DataLoader.java,com.ibm.janusgraph.utils.importer.dataloader.DataLoader,"loadData/4[java.lang.String,java.lang.String,java.lang.String,java.lang.Class<com.ibm.janusgraph.utils.importer.util.Worker>]",totalTime,1
/home/sandro/workspace/sandro/MLCQCodeSmellSamples/scripts/../dataset/janusgraph-utils_b4584a3cbeec49f0df14d364aeb03976f5d5ca19/src/main/java/com/ibm/janusgraph/utils/importer/dataloader/DataLoader.java,com.ibm.janusgraph.utils.importer.dataloader.DataLoader,"loadData/4[java.lang.String,java.lang.String,java.lang.String,java.lang.Class<com.ibm.janusgraph.utils.importer.util.Worker>]",availProcessors,2
/home/sandro/workspace/sandro/MLCQCodeSmellSamples/scripts/../dataset/janusgraph-utils_b4584a3cbeec49f0df14d364aeb03976f5d5ca19/src/main/java/com/ibm/janusgraph/utils/importer/dataloader/DataLoader.java,com.ibm.janusgraph.utils.importer.dataloader.DataLoader,"loadData/4[java.lang.String,java.lang.String,java.lang.String,java.lang.Class<com.ibm.janusgraph.utils.importer.util.Worker>]",keysIter,2
/home/sandro/workspace/sandro/MLCQCodeSmellSamples/scripts/../dataset/janusgraph-utils_b4584a3cbeec49f0df14d364aeb03976f5d5ca19/src/main/java/com/ibm/janusgraph/utils/importer/dataloader/DataLoader.java,com.ibm.janusgraph.utils.importer.dataloader.DataLoader,"loadData/4[java.lang.String,java.lang.String,java.lang.String,java.lang.Class<com.ibm.janusgraph.utils.importer.util.Worker>]",mappingJson,1
/home/sandro/workspace/sandro/MLCQCodeSmellSamples/scripts/../dataset/janusgraph-utils_b4584a3cbeec49f0df14d364aeb03976f5d5ca19/src/main/java/com/ibm/janusgraph/utils/importer/dataloader/DataLoader.java,com.ibm.janusgraph.utils.importer.dataloader.DataLoader,"loadData/4[java.lang.String,java.lang.String,java.lang.String,java.lang.Class<com.ibm.janusgraph.utils.importer.util.Worker>]",filesDirectory,1
/home/sandro/workspace/sandro/MLCQCodeSmellSamples/scripts/../dataset/janusgraph-utils_b4584a3cbeec49f0df14d364aeb03976f5d5ca19/src/main/java/com/ibm/janusgraph/utils/importer/dataloader/DataLoader.java,com.ibm.janusgraph.utils.importer.dataloader.DataLoader,"loadData/4[java.lang.String,java.lang.String,java.lang.String,java.lang.Class<com.ibm.janusgraph.utils.importer.util.Worker>]",mappingFile,1
/home/sandro/workspace/sandro/MLCQCodeSmellSamples/scripts/../dataset/janusgraph-utils_b4584a3cbeec49f0df14d364aeb03976f5d5ca19/src/main/java/com/ibm/janusgraph/utils/importer/dataloader/DataLoader.java,com.ibm.janusgraph.utils.importer.dataloader.DataLoader,"loadData/4[java.lang.String,java.lang.String,java.lang.String,java.lang.Class<com.ibm.janusgraph.utils.importer.util.Worker>]",startTime,1
/home/sandro/workspace/sandro/MLCQCodeSmellSamples/scripts/../dataset/janusgraph-utils_b4584a3cbeec49f0df14d364aeb03976f5d5ca19/src/main/java/com/ibm/janusgraph/utils/importer/dataloader/DataLoader.java,com.ibm.janusgraph.utils.importer.dataloader.DataLoader,"loadData/4[java.lang.String,java.lang.String,java.lang.String,java.lang.Class<com.ibm.janusgraph.utils.importer.util.Worker>]",mapToLoad,3
/home/sandro/workspace/sandro/MLCQCodeSmellSamples/scripts/../dataset/janusgraph-utils_b4584a3cbeec49f0df14d364aeb03976f5d5ca19/src/main/java/com/ibm/janusgraph/utils/importer/dataloader/DataLoader.java,com.ibm.janusgraph.utils.importer.dataloader.DataLoader,"loadData/4[java.lang.String,java.lang.String,java.lang.String,java.lang.Class<com.ibm.janusgraph.utils.importer.util.Worker>]",propMapping,1
/home/sandro/workspace/sandro/MLCQCodeSmellSamples/scripts/../dataset/janusgraph-utils_b4584a3cbeec49f0df14d364aeb03976f5d5ca19/src/main/java/com/ibm/janusgraph/utils/importer/dataloader/DataLoader.java,com.ibm.janusgraph.utils.importer.dataloader.DataLoader,"loadData/4[java.lang.String,java.lang.String,java.lang.String,java.lang.Class<com.ibm.janusgraph.utils.importer.util.Worker>]",nodeMap,4
/home/sandro/workspace/sandro/MLCQCodeSmellSamples/scripts/../dataset/janusgraph-utils_b4584a3cbeec49f0df14d364aeb03976f5d5ca19/src/main/java/com/ibm/janusgraph/utils/importer/dataloader/DataLoader.java,com.ibm.janusgraph.utils.importer.dataloader.DataLoader,"loadData/4[java.lang.String,java.lang.String,java.lang.String,java.lang.Class<com.ibm.janusgraph.utils.importer.util.Worker>]",workers,1
/home/sandro/workspace/sandro/MLCQCodeSmellSamples/scripts/../dataset/janusgraph-utils_b4584a3cbeec49f0df14d364aeb03976f5d5ca19/src/main/java/com/ibm/janusgraph/utils/importer/dataloader/DataLoader.java,com.ibm.janusgraph.utils.importer.dataloader.DataLoader,DataLoader/1[com.ibm.janusgraph.utils.importer.dataloader.JanusGraph],graph,2
/home/sandro/workspace/sandro/MLCQCodeSmellSamples/scripts/../dataset/janusgraph-utils_b4584a3cbeec49f0df14d364aeb03976f5d5ca19/src/main/java/com/ibm/janusgraph/utils/generator/bean/IndexBean.java,com.ibm.janusgraph.utils.generator.bean.IndexBean,"IndexBean/6[java.lang.String,java.util.List<java.lang.String>,boolean,boolean,java.lang.String,java.lang.String]",indexOnly,2
/home/sandro/workspace/sandro/MLCQCodeSmellSamples/scripts/../dataset/janusgraph-utils_b4584a3cbeec49f0df14d364aeb03976f5d5ca19/src/main/java/com/ibm/janusgraph/utils/generator/bean/IndexBean.java,com.ibm.janusgraph.utils.generator.bean.IndexBean,"IndexBean/6[java.lang.String,java.util.List<java.lang.String>,boolean,boolean,java.lang.String,java.lang.String]",mixedIndex,2
/home/sandro/workspace/sandro/MLCQCodeSmellSamples/scripts/../dataset/janusgraph-utils_b4584a3cbeec49f0df14d364aeb03976f5d5ca19/src/main/java/com/ibm/janusgraph/utils/generator/bean/IndexBean.java,com.ibm.janusgraph.utils.generator.bean.IndexBean,"IndexBean/6[java.lang.String,java.util.List<java.lang.String>,boolean,boolean,java.lang.String,java.lang.String]",composite,2
/home/sandro/workspace/sandro/MLCQCodeSmellSamples/scripts/../dataset/janusgraph-utils_b4584a3cbeec49f0df14d364aeb03976f5d5ca19/src/main/java/com/ibm/janusgraph/utils/generator/bean/IndexBean.java,com.ibm.janusgraph.utils.generator.bean.IndexBean,"IndexBean/6[java.lang.String,java.util.List<java.lang.String>,boolean,boolean,java.lang.String,java.lang.String]",unique,2
/home/sandro/workspace/sandro/MLCQCodeSmellSamples/scripts/../dataset/janusgraph-utils_b4584a3cbeec49f0df14d364aeb03976f5d5ca19/src/main/java/com/ibm/janusgraph/utils/generator/bean/IndexBean.java,com.ibm.janusgraph.utils.generator.bean.IndexBean,"IndexBean/6[java.lang.String,java.util.List<java.lang.String>,boolean,boolean,java.lang.String,java.lang.String]",name,2
/home/sandro/workspace/sandro/MLCQCodeSmellSamples/scripts/../dataset/janusgraph-utils_b4584a3cbeec49f0df14d364aeb03976f5d5ca19/src/main/java/com/ibm/janusgraph/utils/generator/bean/IndexBean.java,com.ibm.janusgraph.utils.generator.bean.IndexBean,"IndexBean/6[java.lang.String,java.util.List<java.lang.String>,boolean,boolean,java.lang.String,java.lang.String]",propertyKeys,2
/home/sandro/workspace/sandro/MLCQCodeSmellSamples/scripts/../dataset/janusgraph-utils_b4584a3cbeec49f0df14d364aeb03976f5d5ca19/src/main/java/com/ibm/janusgraph/utils/generator/bean/VertexMapBean.java,com.ibm.janusgraph.utils.generator.bean.VertexMapBean,VertexMapBean/1[java.lang.String],labelName,1
/home/sandro/workspace/sandro/MLCQCodeSmellSamples/scripts/../dataset/janusgraph-utils_b4584a3cbeec49f0df14d364aeb03976f5d5ca19/src/main/java/com/ibm/janusgraph/utils/generator/bean/VertexLabelBean.java,com.ibm.janusgraph.utils.generator.bean.VertexLabelBean,VertexLabelBean/1[java.lang.String],name,2
/home/sandro/workspace/sandro/MLCQCodeSmellSamples/scripts/../dataset/janusgraph-utils_b4584a3cbeec49f0df14d364aeb03976f5d5ca19/src/main/java/com/ibm/janusgraph/utils/generator/IdStore.java,com.ibm.janusgraph.utils.generator.IdStore$IdBean,"IdBean/2[int,int]",left,2
/home/sandro/workspace/sandro/MLCQCodeSmellSamples/scripts/../dataset/janusgraph-utils_b4584a3cbeec49f0df14d364aeb03976f5d5ca19/src/main/java/com/ibm/janusgraph/utils/generator/IdStore.java,com.ibm.janusgraph.utils.generator.IdStore$IdBean,"IdBean/2[int,int]",right,2
/home/sandro/workspace/sandro/MLCQCodeSmellSamples/scripts/../dataset/janusgraph-utils_b4584a3cbeec49f0df14d364aeb03976f5d5ca19/src/main/java/com/ibm/janusgraph/utils/generator/bean/CSVIdBean.java,com.ibm.janusgraph.utils.generator.bean.CSVIdBean$IdRange,"IdRange/2[int,int]",maxId,2
/home/sandro/workspace/sandro/MLCQCodeSmellSamples/scripts/../dataset/janusgraph-utils_b4584a3cbeec49f0df14d364aeb03976f5d5ca19/src/main/java/com/ibm/janusgraph/utils/generator/bean/CSVIdBean.java,com.ibm.janusgraph.utils.generator.bean.CSVIdBean$IdRange,"IdRange/2[int,int]",minId,2
/home/sandro/workspace/sandro/MLCQCodeSmellSamples/scripts/../dataset/janusgraph-utils_b4584a3cbeec49f0df14d364aeb03976f5d5ca19/src/main/java/com/ibm/janusgraph/utils/importer/util/WorkerPool.java,com.ibm.janusgraph.utils.importer.util.WorkerPool,submit/1[com.ibm.janusgraph.utils.importer.util.Worker],e,1
/home/sandro/workspace/sandro/MLCQCodeSmellSamples/scripts/../dataset/janusgraph-utils_b4584a3cbeec49f0df14d364aeb03976f5d5ca19/src/main/java/com/ibm/janusgraph/utils/importer/util/WorkerPool.java,com.ibm.janusgraph.utils.importer.util.WorkerPool,submit/1[com.ibm.janusgraph.utils.importer.util.Worker],worker,3
/home/sandro/workspace/sandro/MLCQCodeSmellSamples/scripts/../dataset/janusgraph-utils_b4584a3cbeec49f0df14d364aeb03976f5d5ca19/src/main/java/com/ibm/janusgraph/utils/importer/util/WorkerPool.java,com.ibm.janusgraph.utils.importer.util.WorkerPool,"WorkerPool/2[int,int]",maxWorkers,0
/home/sandro/workspace/sandro/MLCQCodeSmellSamples/scripts/../dataset/janusgraph-utils_b4584a3cbeec49f0df14d364aeb03976f5d5ca19/src/main/java/com/ibm/janusgraph/utils/importer/util/WorkerPool.java,com.ibm.janusgraph.utils.importer.util.WorkerPool,"WorkerPool/2[int,int]",numThreads,3
/home/sandro/workspace/sandro/MLCQCodeSmellSamples/scripts/../dataset/janusgraph-utils_b4584a3cbeec49f0df14d364aeb03976f5d5ca19/src/main/java/com/ibm/janusgraph/utils/importer/util/WorkerPool.java,com.ibm.janusgraph.utils.importer.util.WorkerPool,"notify/2[com.ibm.janusgraph.utils.importer.util.Worker,com.ibm.janusgraph.utils.importer.util.WorkerListener.State]",queueItem,2
/home/sandro/workspace/sandro/MLCQCodeSmellSamples/scripts/../dataset/janusgraph-utils_b4584a3cbeec49f0df14d364aeb03976f5d5ca19/src/main/java/com/ibm/janusgraph/utils/importer/util/WorkerPool.java,com.ibm.janusgraph.utils.importer.util.WorkerPool,"notify/2[com.ibm.janusgraph.utils.importer.util.Worker,com.ibm.janusgraph.utils.importer.util.WorkerListener.State]",state,1
/home/sandro/workspace/sandro/MLCQCodeSmellSamples/scripts/../dataset/janusgraph-utils_b4584a3cbeec49f0df14d364aeb03976f5d5ca19/src/main/java/com/ibm/janusgraph/utils/importer/util/WorkerPool.java,com.ibm.janusgraph.utils.importer.util.WorkerPool,"notify/2[com.ibm.janusgraph.utils.importer.util.Worker,com.ibm.janusgraph.utils.importer.util.WorkerListener.State]",worker,0
/home/sandro/workspace/sandro/MLCQCodeSmellSamples/scripts/../dataset/janusgraph-utils_b4584a3cbeec49f0df14d364aeb03976f5d5ca19/src/main/java/com/ibm/janusgraph/utils/generator/IdStore.java,com.ibm.janusgraph.utils.generator.IdStore$MultiplicityException,MultiplicityException/1[java.lang.String],multiplicity,1
/home/sandro/workspace/sandro/MLCQCodeSmellSamples/scripts/../dataset/janusgraph-utils_b4584a3cbeec49f0df14d364aeb03976f5d5ca19/src/main/java/com/ibm/janusgraph/utils/generator/bean/PropertyKeyBean.java,com.ibm.janusgraph.utils.generator.bean.PropertyKeyBean,"PropertyKeyBean/2[java.lang.String,java.lang.String]",dataType,2
/home/sandro/workspace/sandro/MLCQCodeSmellSamples/scripts/../dataset/janusgraph-utils_b4584a3cbeec49f0df14d364aeb03976f5d5ca19/src/main/java/com/ibm/janusgraph/utils/generator/bean/PropertyKeyBean.java,com.ibm.janusgraph.utils.generator.bean.PropertyKeyBean,"PropertyKeyBean/2[java.lang.String,java.lang.String]",name,2
/home/sandro/workspace/sandro/MLCQCodeSmellSamples/scripts/../dataset/janusgraph-utils_b4584a3cbeec49f0df14d364aeb03976f5d5ca19/src/main/java/com/ibm/janusgraph/utils/importer/schema/SchemaLoader.java,com.ibm.janusgraph.utils.importer.schema.SchemaLoader,main/1[java.lang.String[]],args,4
/home/sandro/workspace/sandro/MLCQCodeSmellSamples/scripts/../dataset/janusgraph-utils_b4584a3cbeec49f0df14d364aeb03976f5d5ca19/src/main/java/com/ibm/janusgraph/utils/importer/schema/SchemaLoader.java,com.ibm.janusgraph.utils.importer.schema.SchemaLoader,main/1[java.lang.String[]],schemaFile,1
/home/sandro/workspace/sandro/MLCQCodeSmellSamples/scripts/../dataset/janusgraph-utils_b4584a3cbeec49f0df14d364aeb03976f5d5ca19/src/main/java/com/ibm/janusgraph/utils/importer/schema/SchemaLoader.java,com.ibm.janusgraph.utils.importer.schema.SchemaLoader,main/1[java.lang.String[]],e,1
/home/sandro/workspace/sandro/MLCQCodeSmellSamples/scripts/../dataset/janusgraph-utils_b4584a3cbeec49f0df14d364aeb03976f5d5ca19/src/main/java/com/ibm/janusgraph/utils/importer/schema/SchemaLoader.java,com.ibm.janusgraph.utils.importer.schema.SchemaLoader,main/1[java.lang.String[]],configFile,1
/home/sandro/workspace/sandro/MLCQCodeSmellSamples/scripts/../dataset/janusgraph-utils_b4584a3cbeec49f0df14d364aeb03976f5d5ca19/src/main/java/com/ibm/janusgraph/utils/importer/schema/SchemaLoader.java,com.ibm.janusgraph.utils.importer.schema.SchemaLoader,main/1[java.lang.String[]],g,2
/home/sandro/workspace/sandro/MLCQCodeSmellSamples/scripts/../dataset/janusgraph-utils_b4584a3cbeec49f0df14d364aeb03976f5d5ca19/src/main/java/com/ibm/janusgraph/utils/importer/schema/SchemaLoader.java,com.ibm.janusgraph.utils.importer.schema.SchemaLoader,"loadSchema/2[com.ibm.janusgraph.utils.importer.schema.JanusGraph,java.lang.String]",schemaFile,1
/home/sandro/workspace/sandro/MLCQCodeSmellSamples/scripts/../dataset/janusgraph-utils_b4584a3cbeec49f0df14d364aeb03976f5d5ca19/src/main/java/com/ibm/janusgraph/utils/importer/schema/SchemaLoader.java,com.ibm.janusgraph.utils.importer.schema.SchemaLoader,"loadSchema/2[com.ibm.janusgraph.utils.importer.schema.JanusGraph,java.lang.String]",importer,1
/home/sandro/workspace/sandro/MLCQCodeSmellSamples/scripts/../dataset/janusgraph-utils_b4584a3cbeec49f0df14d364aeb03976f5d5ca19/src/main/java/com/ibm/janusgraph/utils/importer/schema/SchemaLoader.java,com.ibm.janusgraph.utils.importer.schema.SchemaLoader,"loadSchema/2[com.ibm.janusgraph.utils.importer.schema.JanusGraph,java.lang.String]",g,1
/home/sandro/workspace/sandro/MLCQCodeSmellSamples/scripts/../dataset/janusgraph-utils_b4584a3cbeec49f0df14d364aeb03976f5d5ca19/src/main/java/com/ibm/janusgraph/utils/importer/BatchImport.java,com.ibm.janusgraph.utils.importer.BatchImport,main/1[java.lang.String[]],args,10
/home/sandro/workspace/sandro/MLCQCodeSmellSamples/scripts/../dataset/janusgraph-utils_b4584a3cbeec49f0df14d364aeb03976f5d5ca19/src/main/java/com/ibm/janusgraph/utils/importer/BatchImport.java,com.ibm.janusgraph.utils.importer.BatchImport,main/1[java.lang.String[]],graph,4
/home/sandro/workspace/sandro/MLCQCodeSmellSamples/scripts/../dataset/janusgraph-utils_b4584a3cbeec49f0df14d364aeb03976f5d5ca19/src/main/java/com/ibm/janusgraph/utils/importer/util/Config.java,com.ibm.janusgraph.utils.importer.util.Config,loadProperties/1[java.lang.String],propFile,1
/home/sandro/workspace/sandro/MLCQCodeSmellSamples/scripts/../dataset/janusgraph-utils_b4584a3cbeec49f0df14d364aeb03976f5d5ca19/src/main/java/com/ibm/janusgraph/utils/importer/util/Config.java,com.ibm.janusgraph.utils.importer.util.Config,loadProperties/1[java.lang.String],inputStream,2
/home/sandro/workspace/sandro/MLCQCodeSmellSamples/scripts/../dataset/janusgraph-utils_b4584a3cbeec49f0df14d364aeb03976f5d5ca19/src/main/java/com/ibm/janusgraph/utils/importer/util/Config.java,com.ibm.janusgraph.utils.importer.util.Config,getConfig/0,e,0
/home/sandro/workspace/sandro/MLCQCodeSmellSamples/scripts/../dataset/janusgraph-utils_b4584a3cbeec49f0df14d364aeb03976f5d5ca19/src/main/java/com/ibm/janusgraph/utils/importer/util/Config.java,com.ibm.janusgraph.utils.importer.util.Config,setConfigFile/1[java.lang.String],propFile,2
/home/sandro/workspace/sandro/MLCQCodeSmellSamples/scripts/../dataset/janusgraph-utils_b4584a3cbeec49f0df14d364aeb03976f5d5ca19/src/main/java/com/ibm/janusgraph/utils/generator/IdStore.java,com.ibm.janusgraph.utils.generator.IdStore$RelationStore,getLeftIds/0,a,1
/home/sandro/workspace/sandro/MLCQCodeSmellSamples/scripts/../dataset/janusgraph-utils_b4584a3cbeec49f0df14d364aeb03976f5d5ca19/src/main/java/com/ibm/janusgraph/utils/generator/IdStore.java,com.ibm.janusgraph.utils.generator.IdStore$RelationStore,getRightIds/0,a,1
/home/sandro/workspace/sandro/MLCQCodeSmellSamples/scripts/../dataset/janusgraph-utils_b4584a3cbeec49f0df14d364aeb03976f5d5ca19/src/main/java/com/ibm/janusgraph/utils/generator/IdStore.java,com.ibm.janusgraph.utils.generator.IdStore$RelationStore,putLeft/1[int],left,2
/home/sandro/workspace/sandro/MLCQCodeSmellSamples/scripts/../dataset/janusgraph-utils_b4584a3cbeec49f0df14d364aeb03976f5d5ca19/src/main/java/com/ibm/janusgraph/utils/generator/IdStore.java,com.ibm.janusgraph.utils.generator.IdStore$RelationStore,putRight/1[int],right,2
/home/sandro/workspace/sandro/MLCQCodeSmellSamples/scripts/../dataset/janusgraph-utils_b4584a3cbeec49f0df14d364aeb03976f5d5ca19/src/main/java/com/ibm/janusgraph/utils/generator/IdStore.java,com.ibm.janusgraph.utils.generator.IdStore$RelationStore,RelationStore/1[com.ibm.janusgraph.utils.generator.bean.RelationBean],relation,0
/home/sandro/workspace/sandro/MLCQCodeSmellSamples/scripts/../dataset/janusgraph-utils_b4584a3cbeec49f0df14d364aeb03976f5d5ca19/src/main/java/com/ibm/janusgraph/utils/importer/dataloader/DataFileLoader.java,com.ibm.janusgraph.utils.importer.dataloader.DataFileLoader,"DataFileLoader/2[com.ibm.janusgraph.utils.importer.dataloader.JanusGraph,java.lang.Class<com.ibm.janusgraph.utils.importer.util.Worker>]",workerClass,2
/home/sandro/workspace/sandro/MLCQCodeSmellSamples/scripts/../dataset/janusgraph-utils_b4584a3cbeec49f0df14d364aeb03976f5d5ca19/src/main/java/com/ibm/janusgraph/utils/importer/dataloader/DataFileLoader.java,com.ibm.janusgraph.utils.importer.dataloader.DataFileLoader,"DataFileLoader/2[com.ibm.janusgraph.utils.importer.dataloader.JanusGraph,java.lang.Class<com.ibm.janusgraph.utils.importer.util.Worker>]",graph,2
/home/sandro/workspace/sandro/MLCQCodeSmellSamples/scripts/../dataset/janusgraph-utils_b4584a3cbeec49f0df14d364aeb03976f5d5ca19/src/main/java/com/ibm/janusgraph/utils/importer/dataloader/DataFileLoader.java,com.ibm.janusgraph.utils.importer.dataloader.DataFileLoader,"startWorkers/3[java.util.Iterator<com.ibm.janusgraph.utils.importer.dataloader.CSVRecord>,long,com.ibm.janusgraph.utils.importer.util.WorkerPool]",sub,2
/home/sandro/workspace/sandro/MLCQCodeSmellSamples/scripts/../dataset/janusgraph-utils_b4584a3cbeec49f0df14d364aeb03976f5d5ca19/src/main/java/com/ibm/janusgraph/utils/importer/dataloader/DataFileLoader.java,com.ibm.janusgraph.utils.importer.dataloader.DataFileLoader,"startWorkers/3[java.util.Iterator<com.ibm.janusgraph.utils.importer.dataloader.CSVRecord>,long,com.ibm.janusgraph.utils.importer.util.WorkerPool]",constructor,1
/home/sandro/workspace/sandro/MLCQCodeSmellSamples/scripts/../dataset/janusgraph-utils_b4584a3cbeec49f0df14d364aeb03976f5d5ca19/src/main/java/com/ibm/janusgraph/utils/importer/dataloader/DataFileLoader.java,com.ibm.janusgraph.utils.importer.dataloader.DataFileLoader,"startWorkers/3[java.util.Iterator<com.ibm.janusgraph.utils.importer.dataloader.CSVRecord>,long,com.ibm.janusgraph.utils.importer.util.WorkerPool]",iter,3
/home/sandro/workspace/sandro/MLCQCodeSmellSamples/scripts/../dataset/janusgraph-utils_b4584a3cbeec49f0df14d364aeb03976f5d5ca19/src/main/java/com/ibm/janusgraph/utils/importer/dataloader/DataFileLoader.java,com.ibm.janusgraph.utils.importer.dataloader.DataFileLoader,"startWorkers/3[java.util.Iterator<com.ibm.janusgraph.utils.importer.dataloader.CSVRecord>,long,com.ibm.janusgraph.utils.importer.util.WorkerPool]",worker,1
/home/sandro/workspace/sandro/MLCQCodeSmellSamples/scripts/../dataset/janusgraph-utils_b4584a3cbeec49f0df14d364aeb03976f5d5ca19/src/main/java/com/ibm/janusgraph/utils/importer/dataloader/DataFileLoader.java,com.ibm.janusgraph.utils.importer.dataloader.DataFileLoader,"startWorkers/3[java.util.Iterator<com.ibm.janusgraph.utils.importer.dataloader.CSVRecord>,long,com.ibm.janusgraph.utils.importer.util.WorkerPool]",workers,2
/home/sandro/workspace/sandro/MLCQCodeSmellSamples/scripts/../dataset/janusgraph-utils_b4584a3cbeec49f0df14d364aeb03976f5d5ca19/src/main/java/com/ibm/janusgraph/utils/importer/dataloader/DataFileLoader.java,com.ibm.janusgraph.utils.importer.dataloader.DataFileLoader,"startWorkers/3[java.util.Iterator<com.ibm.janusgraph.utils.importer.dataloader.CSVRecord>,long,com.ibm.janusgraph.utils.importer.util.WorkerPool]",currentRecord,2
/home/sandro/workspace/sandro/MLCQCodeSmellSamples/scripts/../dataset/janusgraph-utils_b4584a3cbeec49f0df14d364aeb03976f5d5ca19/src/main/java/com/ibm/janusgraph/utils/importer/dataloader/DataFileLoader.java,com.ibm.janusgraph.utils.importer.dataloader.DataFileLoader,"startWorkers/3[java.util.Iterator<com.ibm.janusgraph.utils.importer.dataloader.CSVRecord>,long,com.ibm.janusgraph.utils.importer.util.WorkerPool]",targetRecordCount,1
/home/sandro/workspace/sandro/MLCQCodeSmellSamples/scripts/../dataset/janusgraph-utils_b4584a3cbeec49f0df14d364aeb03976f5d5ca19/src/main/java/com/ibm/janusgraph/utils/importer/dataloader/DataFileLoader.java,com.ibm.janusgraph.utils.importer.dataloader.DataFileLoader,"loadFile/3[java.lang.String,java.util.Map<java.lang.String,java.lang.Object>,com.ibm.janusgraph.utils.importer.util.WorkerPool]",fileName,2
/home/sandro/workspace/sandro/MLCQCodeSmellSamples/scripts/../dataset/janusgraph-utils_b4584a3cbeec49f0df14d364aeb03976f5d5ca19/src/main/java/com/ibm/janusgraph/utils/importer/dataloader/DataFileLoader.java,com.ibm.janusgraph.utils.importer.dataloader.DataFileLoader,"loadFile/3[java.lang.String,java.util.Map<java.lang.String,java.lang.Object>,com.ibm.janusgraph.utils.importer.util.WorkerPool]",in,1
/home/sandro/workspace/sandro/MLCQCodeSmellSamples/scripts/../dataset/janusgraph-utils_b4584a3cbeec49f0df14d364aeb03976f5d5ca19/src/main/java/com/ibm/janusgraph/utils/importer/dataloader/DataFileLoader.java,com.ibm.janusgraph.utils.importer.dataloader.DataFileLoader,"loadFile/3[java.lang.String,java.util.Map<java.lang.String,java.lang.Object>,com.ibm.janusgraph.utils.importer.util.WorkerPool]",iter,1
/home/sandro/workspace/sandro/MLCQCodeSmellSamples/scripts/../dataset/janusgraph-utils_b4584a3cbeec49f0df14d364aeb03976f5d5ca19/src/main/java/com/ibm/janusgraph/utils/importer/dataloader/DataFileLoader.java,com.ibm.janusgraph.utils.importer.dataloader.DataFileLoader,"loadFile/3[java.lang.String,java.util.Map<java.lang.String,java.lang.Object>,com.ibm.janusgraph.utils.importer.util.WorkerPool]",propertiesMap,2
/home/sandro/workspace/sandro/MLCQCodeSmellSamples/scripts/../dataset/janusgraph-utils_b4584a3cbeec49f0df14d364aeb03976f5d5ca19/src/main/java/com/ibm/janusgraph/utils/importer/dataloader/DataFileLoader.java,com.ibm.janusgraph.utils.importer.dataloader.DataFileLoader,"loadFile/3[java.lang.String,java.util.Map<java.lang.String,java.lang.Object>,com.ibm.janusgraph.utils.importer.util.WorkerPool]",workers,1
/home/sandro/workspace/sandro/MLCQCodeSmellSamples/scripts/../dataset/janusgraph-utils_b4584a3cbeec49f0df14d364aeb03976f5d5ca19/src/main/java/com/ibm/janusgraph/utils/generator/bean/CSVIdBean.java,com.ibm.janusgraph.utils.generator.bean.CSVIdBean,CSVIdBean/1[java.util.List<com.ibm.janusgraph.utils.generator.bean.VertexTypeBean>],vertexType,2
/home/sandro/workspace/sandro/MLCQCodeSmellSamples/scripts/../dataset/janusgraph-utils_b4584a3cbeec49f0df14d364aeb03976f5d5ca19/src/main/java/com/ibm/janusgraph/utils/generator/bean/CSVIdBean.java,com.ibm.janusgraph.utils.generator.bean.CSVIdBean,CSVIdBean/1[java.util.List<com.ibm.janusgraph.utils.generator.bean.VertexTypeBean>],top,3
/home/sandro/workspace/sandro/MLCQCodeSmellSamples/scripts/../dataset/janusgraph-utils_b4584a3cbeec49f0df14d364aeb03976f5d5ca19/src/main/java/com/ibm/janusgraph/utils/generator/bean/CSVIdBean.java,com.ibm.janusgraph.utils.generator.bean.CSVIdBean,CSVIdBean/1[java.util.List<com.ibm.janusgraph.utils.generator.bean.VertexTypeBean>],bot,3
/home/sandro/workspace/sandro/MLCQCodeSmellSamples/scripts/../dataset/janusgraph-utils_b4584a3cbeec49f0df14d364aeb03976f5d5ca19/src/main/java/com/ibm/janusgraph/utils/generator/bean/CSVIdBean.java,com.ibm.janusgraph.utils.generator.bean.CSVIdBean,CSVIdBean/1[java.util.List<com.ibm.janusgraph.utils.generator.bean.VertexTypeBean>],vertexTypes,1
/home/sandro/workspace/sandro/MLCQCodeSmellSamples/scripts/../dataset/janusgraph-utils_b4584a3cbeec49f0df14d364aeb03976f5d5ca19/src/main/java/com/ibm/janusgraph/utils/generator/bean/CSVIdBean.java,com.ibm.janusgraph.utils.generator.bean.CSVIdBean,getIdPoolSize/1[java.lang.String],size,1
/home/sandro/workspace/sandro/MLCQCodeSmellSamples/scripts/../dataset/janusgraph-utils_b4584a3cbeec49f0df14d364aeb03976f5d5ca19/src/main/java/com/ibm/janusgraph/utils/generator/bean/CSVIdBean.java,com.ibm.janusgraph.utils.generator.bean.CSVIdBean,getIdPoolSize/1[java.lang.String],v,2
/home/sandro/workspace/sandro/MLCQCodeSmellSamples/scripts/../dataset/janusgraph-utils_b4584a3cbeec49f0df14d364aeb03976f5d5ca19/src/main/java/com/ibm/janusgraph/utils/generator/bean/CSVIdBean.java,com.ibm.janusgraph.utils.generator.bean.CSVIdBean,getRandomIdForVertexType/1[java.lang.String],name,2
/home/sandro/workspace/sandro/MLCQCodeSmellSamples/scripts/../dataset/janusgraph-utils_b4584a3cbeec49f0df14d364aeb03976f5d5ca19/src/main/java/com/ibm/janusgraph/utils/generator/bean/CSVIdBean.java,com.ibm.janusgraph.utils.generator.bean.CSVIdBean,getMinId/1[java.lang.String],name,1
/home/sandro/workspace/sandro/MLCQCodeSmellSamples/scripts/../dataset/janusgraph-utils_b4584a3cbeec49f0df14d364aeb03976f5d5ca19/src/main/java/com/ibm/janusgraph/utils/generator/bean/CSVIdBean.java,com.ibm.janusgraph.utils.generator.bean.CSVIdBean,getMaxId/1[java.lang.String],name,1
/home/sandro/workspace/sandro/MLCQCodeSmellSamples/scripts/../dataset/janusgraph-utils_b4584a3cbeec49f0df14d364aeb03976f5d5ca19/src/main/java/com/ibm/janusgraph/utils/generator/IdStore.java,com.ibm.janusgraph.utils.generator.IdStore$SupernodeException,"SupernodeException/2[com.ibm.janusgraph.utils.generator.bean.RelationBean,com.ibm.janusgraph.utils.generator.IdStore.IdBean]",ids,1
/home/sandro/workspace/sandro/MLCQCodeSmellSamples/scripts/../dataset/janusgraph-utils_b4584a3cbeec49f0df14d364aeb03976f5d5ca19/src/main/java/com/ibm/janusgraph/utils/generator/IdStore.java,com.ibm.janusgraph.utils.generator.IdStore$SupernodeException,"SupernodeException/2[com.ibm.janusgraph.utils.generator.bean.RelationBean,com.ibm.janusgraph.utils.generator.IdStore.IdBean]",relation,3
/home/sandro/workspace/sandro/MLCQCodeSmellSamples/scripts/../dataset/janusgraph-utils_b4584a3cbeec49f0df14d364aeb03976f5d5ca19/src/main/java/com/ibm/janusgraph/utils/importer/util/WorkerListener.java,com.ibm.janusgraph.utils.importer.util.WorkerListener,"notify/2[com.ibm.janusgraph.utils.importer.util.Worker,com.ibm.janusgraph.utils.importer.util.WorkerListener.State]",state,0
/home/sandro/workspace/sandro/MLCQCodeSmellSamples/scripts/../dataset/janusgraph-utils_b4584a3cbeec49f0df14d364aeb03976f5d5ca19/src/main/java/com/ibm/janusgraph/utils/importer/util/WorkerListener.java,com.ibm.janusgraph.utils.importer.util.WorkerListener,"notify/2[com.ibm.janusgraph.utils.importer.util.Worker,com.ibm.janusgraph.utils.importer.util.WorkerListener.State]",worker,0
/home/sandro/workspace/sandro/MLCQCodeSmellSamples/scripts/../dataset/janusgraph-utils_b4584a3cbeec49f0df14d364aeb03976f5d5ca19/src/main/java/com/ibm/janusgraph/utils/importer/vertex/VertexLoaderWorker.java,com.ibm.janusgraph.utils.importer.vertex.VertexLoaderWorker$Anonymous1,"accept/1[java.util.Map<java.lang.String,java.lang.String>]",e,1
/home/sandro/workspace/sandro/MLCQCodeSmellSamples/scripts/../dataset/janusgraph-utils_b4584a3cbeec49f0df14d364aeb03976f5d5ca19/src/main/java/com/ibm/janusgraph/utils/importer/vertex/VertexLoaderWorker.java,com.ibm.janusgraph.utils.importer.vertex.VertexLoaderWorker$Anonymous1,"accept/1[java.util.Map<java.lang.String,java.lang.String>]",record,1
/home/sandro/workspace/sandro/MLCQCodeSmellSamples/scripts/../dataset/janusgraph-utils_b4584a3cbeec49f0df14d364aeb03976f5d5ca19/src/main/java/com/ibm/janusgraph/utils/importer/edge/EdgeLoaderWorker.java,com.ibm.janusgraph.utils.importer.edge.EdgeLoaderWorker,"acceptRecord/1[java.util.Map<java.lang.String,java.lang.String>]",leftVertex,4
/home/sandro/workspace/sandro/MLCQCodeSmellSamples/scripts/../dataset/janusgraph-utils_b4584a3cbeec49f0df14d364aeb03976f5d5ca19/src/main/java/com/ibm/janusgraph/utils/importer/edge/EdgeLoaderWorker.java,com.ibm.janusgraph.utils.importer.edge.EdgeLoaderWorker,"acceptRecord/1[java.util.Map<java.lang.String,java.lang.String>]",leftEdge,2
/home/sandro/workspace/sandro/MLCQCodeSmellSamples/scripts/../dataset/janusgraph-utils_b4584a3cbeec49f0df14d364aeb03976f5d5ca19/src/main/java/com/ibm/janusgraph/utils/importer/edge/EdgeLoaderWorker.java,com.ibm.janusgraph.utils.importer.edge.EdgeLoaderWorker,"acceptRecord/1[java.util.Map<java.lang.String,java.lang.String>]",leftVertexLabel,1
/home/sandro/workspace/sandro/MLCQCodeSmellSamples/scripts/../dataset/janusgraph-utils_b4584a3cbeec49f0df14d364aeb03976f5d5ca19/src/main/java/com/ibm/janusgraph/utils/importer/edge/EdgeLoaderWorker.java,com.ibm.janusgraph.utils.importer.edge.EdgeLoaderWorker,"acceptRecord/1[java.util.Map<java.lang.String,java.lang.String>]",e,3
/home/sandro/workspace/sandro/MLCQCodeSmellSamples/scripts/../dataset/janusgraph-utils_b4584a3cbeec49f0df14d364aeb03976f5d5ca19/src/main/java/com/ibm/janusgraph/utils/importer/edge/EdgeLoaderWorker.java,com.ibm.janusgraph.utils.importer.edge.EdgeLoaderWorker,"acceptRecord/1[java.util.Map<java.lang.String,java.lang.String>]",column,5
/home/sandro/workspace/sandro/MLCQCodeSmellSamples/scripts/../dataset/janusgraph-utils_b4584a3cbeec49f0df14d364aeb03976f5d5ca19/src/main/java/com/ibm/janusgraph/utils/importer/edge/EdgeLoaderWorker.java,com.ibm.janusgraph.utils.importer.edge.EdgeLoaderWorker,"acceptRecord/1[java.util.Map<java.lang.String,java.lang.String>]",rightEdge,2
/home/sandro/workspace/sandro/MLCQCodeSmellSamples/scripts/../dataset/janusgraph-utils_b4584a3cbeec49f0df14d364aeb03976f5d5ca19/src/main/java/com/ibm/janusgraph/utils/importer/edge/EdgeLoaderWorker.java,com.ibm.janusgraph.utils.importer.edge.EdgeLoaderWorker,"acceptRecord/1[java.util.Map<java.lang.String,java.lang.String>]",rightVertexFieldName,1
/home/sandro/workspace/sandro/MLCQCodeSmellSamples/scripts/../dataset/janusgraph-utils_b4584a3cbeec49f0df14d364aeb03976f5d5ca19/src/main/java/com/ibm/janusgraph/utils/importer/edge/EdgeLoaderWorker.java,com.ibm.janusgraph.utils.importer.edge.EdgeLoaderWorker,"acceptRecord/1[java.util.Map<java.lang.String,java.lang.String>]",leftEdgeFieldName,3
/home/sandro/workspace/sandro/MLCQCodeSmellSamples/scripts/../dataset/janusgraph-utils_b4584a3cbeec49f0df14d364aeb03976f5d5ca19/src/main/java/com/ibm/janusgraph/utils/importer/edge/EdgeLoaderWorker.java,com.ibm.janusgraph.utils.importer.edge.EdgeLoaderWorker,"acceptRecord/1[java.util.Map<java.lang.String,java.lang.String>]",convertedValue,1
/home/sandro/workspace/sandro/MLCQCodeSmellSamples/scripts/../dataset/janusgraph-utils_b4584a3cbeec49f0df14d364aeb03976f5d5ca19/src/main/java/com/ibm/janusgraph/utils/importer/edge/EdgeLoaderWorker.java,com.ibm.janusgraph.utils.importer.edge.EdgeLoaderWorker,"acceptRecord/1[java.util.Map<java.lang.String,java.lang.String>]",rightEdgeFieldName,3
/home/sandro/workspace/sandro/MLCQCodeSmellSamples/scripts/../dataset/janusgraph-utils_b4584a3cbeec49f0df14d364aeb03976f5d5ca19/src/main/java/com/ibm/janusgraph/utils/importer/edge/EdgeLoaderWorker.java,com.ibm.janusgraph.utils.importer.edge.EdgeLoaderWorker,"acceptRecord/1[java.util.Map<java.lang.String,java.lang.String>]",propName,4
/home/sandro/workspace/sandro/MLCQCodeSmellSamples/scripts/../dataset/janusgraph-utils_b4584a3cbeec49f0df14d364aeb03976f5d5ca19/src/main/java/com/ibm/janusgraph/utils/importer/edge/EdgeLoaderWorker.java,com.ibm.janusgraph.utils.importer.edge.EdgeLoaderWorker,"acceptRecord/1[java.util.Map<java.lang.String,java.lang.String>]",rightVertex,4
/home/sandro/workspace/sandro/MLCQCodeSmellSamples/scripts/../dataset/janusgraph-utils_b4584a3cbeec49f0df14d364aeb03976f5d5ca19/src/main/java/com/ibm/janusgraph/utils/importer/edge/EdgeLoaderWorker.java,com.ibm.janusgraph.utils.importer.edge.EdgeLoaderWorker,"acceptRecord/1[java.util.Map<java.lang.String,java.lang.String>]",edge,2
/home/sandro/workspace/sandro/MLCQCodeSmellSamples/scripts/../dataset/janusgraph-utils_b4584a3cbeec49f0df14d364aeb03976f5d5ca19/src/main/java/com/ibm/janusgraph/utils/importer/edge/EdgeLoaderWorker.java,com.ibm.janusgraph.utils.importer.edge.EdgeLoaderWorker,"acceptRecord/1[java.util.Map<java.lang.String,java.lang.String>]",node_1,2
/home/sandro/workspace/sandro/MLCQCodeSmellSamples/scripts/../dataset/janusgraph-utils_b4584a3cbeec49f0df14d364aeb03976f5d5ca19/src/main/java/com/ibm/janusgraph/utils/importer/edge/EdgeLoaderWorker.java,com.ibm.janusgraph.utils.importer.edge.EdgeLoaderWorker,"acceptRecord/1[java.util.Map<java.lang.String,java.lang.String>]",node_2,2
/home/sandro/workspace/sandro/MLCQCodeSmellSamples/scripts/../dataset/janusgraph-utils_b4584a3cbeec49f0df14d364aeb03976f5d5ca19/src/main/java/com/ibm/janusgraph/utils/importer/edge/EdgeLoaderWorker.java,com.ibm.janusgraph.utils.importer.edge.EdgeLoaderWorker,"acceptRecord/1[java.util.Map<java.lang.String,java.lang.String>]",record,5
/home/sandro/workspace/sandro/MLCQCodeSmellSamples/scripts/../dataset/janusgraph-utils_b4584a3cbeec49f0df14d364aeb03976f5d5ca19/src/main/java/com/ibm/janusgraph/utils/importer/edge/EdgeLoaderWorker.java,com.ibm.janusgraph.utils.importer.edge.EdgeLoaderWorker,"acceptRecord/1[java.util.Map<java.lang.String,java.lang.String>]",edgeLabel,2
/home/sandro/workspace/sandro/MLCQCodeSmellSamples/scripts/../dataset/janusgraph-utils_b4584a3cbeec49f0df14d364aeb03976f5d5ca19/src/main/java/com/ibm/janusgraph/utils/importer/edge/EdgeLoaderWorker.java,com.ibm.janusgraph.utils.importer.edge.EdgeLoaderWorker,"acceptRecord/1[java.util.Map<java.lang.String,java.lang.String>]",rightVertexLabel,1
/home/sandro/workspace/sandro/MLCQCodeSmellSamples/scripts/../dataset/janusgraph-utils_b4584a3cbeec49f0df14d364aeb03976f5d5ca19/src/main/java/com/ibm/janusgraph/utils/importer/edge/EdgeLoaderWorker.java,com.ibm.janusgraph.utils.importer.edge.EdgeLoaderWorker,"acceptRecord/1[java.util.Map<java.lang.String,java.lang.String>]",v1,1
/home/sandro/workspace/sandro/MLCQCodeSmellSamples/scripts/../dataset/janusgraph-utils_b4584a3cbeec49f0df14d364aeb03976f5d5ca19/src/main/java/com/ibm/janusgraph/utils/importer/edge/EdgeLoaderWorker.java,com.ibm.janusgraph.utils.importer.edge.EdgeLoaderWorker,"acceptRecord/1[java.util.Map<java.lang.String,java.lang.String>]",v2,1
/home/sandro/workspace/sandro/MLCQCodeSmellSamples/scripts/../dataset/janusgraph-utils_b4584a3cbeec49f0df14d364aeb03976f5d5ca19/src/main/java/com/ibm/janusgraph/utils/importer/edge/EdgeLoaderWorker.java,com.ibm.janusgraph.utils.importer.edge.EdgeLoaderWorker,"acceptRecord/1[java.util.Map<java.lang.String,java.lang.String>]",value,3
/home/sandro/workspace/sandro/MLCQCodeSmellSamples/scripts/../dataset/janusgraph-utils_b4584a3cbeec49f0df14d364aeb03976f5d5ca19/src/main/java/com/ibm/janusgraph/utils/importer/edge/EdgeLoaderWorker.java,com.ibm.janusgraph.utils.importer.edge.EdgeLoaderWorker,"acceptRecord/1[java.util.Map<java.lang.String,java.lang.String>]",leftVertexFieldName,1
/home/sandro/workspace/sandro/MLCQCodeSmellSamples/scripts/../dataset/janusgraph-utils_b4584a3cbeec49f0df14d364aeb03976f5d5ca19/src/main/java/com/ibm/janusgraph/utils/importer/edge/EdgeLoaderWorker.java,com.ibm.janusgraph.utils.importer.edge.EdgeLoaderWorker,"EdgeLoaderWorker/3[java.util.Iterator<java.util.Map<java.lang.String,java.lang.String>>,java.util.Map<java.lang.String,java.lang.Object>,com.ibm.janusgraph.utils.importer.edge.JanusGraph]",records,1
/home/sandro/workspace/sandro/MLCQCodeSmellSamples/scripts/../dataset/janusgraph-utils_b4584a3cbeec49f0df14d364aeb03976f5d5ca19/src/main/java/com/ibm/janusgraph/utils/importer/edge/EdgeLoaderWorker.java,com.ibm.janusgraph.utils.importer.edge.EdgeLoaderWorker,"EdgeLoaderWorker/3[java.util.Iterator<java.util.Map<java.lang.String,java.lang.String>>,java.util.Map<java.lang.String,java.lang.Object>,com.ibm.janusgraph.utils.importer.edge.JanusGraph]",propertiesMap,5
/home/sandro/workspace/sandro/MLCQCodeSmellSamples/scripts/../dataset/janusgraph-utils_b4584a3cbeec49f0df14d364aeb03976f5d5ca19/src/main/java/com/ibm/janusgraph/utils/importer/edge/EdgeLoaderWorker.java,com.ibm.janusgraph.utils.importer.edge.EdgeLoaderWorker,"EdgeLoaderWorker/3[java.util.Iterator<java.util.Map<java.lang.String,java.lang.String>>,java.util.Map<java.lang.String,java.lang.Object>,com.ibm.janusgraph.utils.importer.edge.JanusGraph]",propName,2
/home/sandro/workspace/sandro/MLCQCodeSmellSamples/scripts/../dataset/janusgraph-utils_b4584a3cbeec49f0df14d364aeb03976f5d5ca19/src/main/java/com/ibm/janusgraph/utils/importer/edge/EdgeLoaderWorker.java,com.ibm.janusgraph.utils.importer.edge.EdgeLoaderWorker,"EdgeLoaderWorker/3[java.util.Iterator<java.util.Map<java.lang.String,java.lang.String>>,java.util.Map<java.lang.String,java.lang.Object>,com.ibm.janusgraph.utils.importer.edge.JanusGraph]",graph,1
/home/sandro/workspace/sandro/MLCQCodeSmellSamples/scripts/../dataset/janusgraph-utils_b4584a3cbeec49f0df14d364aeb03976f5d5ca19/src/main/java/com/ibm/janusgraph/utils/generator/bean/EdgeLabelBean.java,com.ibm.janusgraph.utils.generator.bean.EdgeLabelBean,"EdgeLabelBean/2[java.lang.String,java.lang.String]",multiplicity,2
/home/sandro/workspace/sandro/MLCQCodeSmellSamples/scripts/../dataset/janusgraph-utils_b4584a3cbeec49f0df14d364aeb03976f5d5ca19/src/main/java/com/ibm/janusgraph/utils/generator/bean/EdgeLabelBean.java,com.ibm.janusgraph.utils.generator.bean.EdgeLabelBean,"EdgeLabelBean/2[java.lang.String,java.lang.String]",name,2
/home/sandro/workspace/sandro/MLCQCodeSmellSamples/scripts/../dataset/janusgraph-utils_b4584a3cbeec49f0df14d364aeb03976f5d5ca19/src/main/java/com/ibm/janusgraph/utils/generator/JanusGraphBench.java,com.ibm.janusgraph.utils.generator.JanusGraphBench,main/1[java.lang.String[]],args,6
/home/sandro/workspace/sandro/MLCQCodeSmellSamples/scripts/../dataset/janusgraph-utils_b4584a3cbeec49f0df14d364aeb03976f5d5ca19/src/main/java/com/ibm/janusgraph/utils/generator/JanusGraphBench.java,com.ibm.janusgraph.utils.generator.JanusGraphBench,main/1[java.lang.String[]],e,1
/home/sandro/workspace/sandro/MLCQCodeSmellSamples/scripts/../dataset/janusgraph-utils_b4584a3cbeec49f0df14d364aeb03976f5d5ca19/src/main/java/com/ibm/janusgraph/utils/generator/JanusGraphBench.java,com.ibm.janusgraph.utils.generator.JanusGraphBench,main/1[java.lang.String[]],csvConfPath,3
/home/sandro/workspace/sandro/MLCQCodeSmellSamples/scripts/../dataset/janusgraph-utils_b4584a3cbeec49f0df14d364aeb03976f5d5ca19/src/main/java/com/ibm/janusgraph/utils/generator/JanusGraphBench.java,com.ibm.janusgraph.utils.generator.JanusGraphBench,JanusGraphBench/1[java.lang.String],csvConfPath,0
/home/sandro/workspace/sandro/MLCQCodeSmellSamples/scripts/../dataset/janusgraph-utils_b4584a3cbeec49f0df14d364aeb03976f5d5ca19/src/main/java/com/ibm/janusgraph/utils/generator/JanusGraphBench.java,com.ibm.janusgraph.utils.generator.JanusGraphBench,"prepareCSV/2[java.lang.String,java.lang.String]",csv,1
/home/sandro/workspace/sandro/MLCQCodeSmellSamples/scripts/../dataset/janusgraph-utils_b4584a3cbeec49f0df14d364aeb03976f5d5ca19/src/main/java/com/ibm/janusgraph/utils/generator/JanusGraphBench.java,com.ibm.janusgraph.utils.generator.JanusGraphBench,"prepareCSV/2[java.lang.String,java.lang.String]",outputDirectory,1
/home/sandro/workspace/sandro/MLCQCodeSmellSamples/scripts/../dataset/janusgraph-utils_b4584a3cbeec49f0df14d364aeb03976f5d5ca19/src/main/java/com/ibm/janusgraph/utils/generator/JanusGraphBench.java,com.ibm.janusgraph.utils.generator.JanusGraphBench,"prepareCSV/2[java.lang.String,java.lang.String]",csvConfPath,2
/home/sandro/workspace/sandro/MLCQCodeSmellSamples/scripts/../dataset/janusgraph-utils_b4584a3cbeec49f0df14d364aeb03976f5d5ca19/src/main/java/com/ibm/janusgraph/utils/generator/bean/GSONSchema.java,com.ibm.janusgraph.utils.generator.bean.GSONSchema,getPropertyKey/1[java.lang.String],iterator,3
/home/sandro/workspace/sandro/MLCQCodeSmellSamples/scripts/../dataset/janusgraph-utils_b4584a3cbeec49f0df14d364aeb03976f5d5ca19/src/main/java/com/ibm/janusgraph/utils/generator/bean/GSONSchema.java,com.ibm.janusgraph.utils.generator.bean.GSONSchema,getPropertyKey/1[java.lang.String],propertyKeyBean,2
/home/sandro/workspace/sandro/MLCQCodeSmellSamples/scripts/../dataset/janusgraph-utils_b4584a3cbeec49f0df14d364aeb03976f5d5ca19/src/main/java/com/ibm/janusgraph/utils/generator/bean/GSONSchema.java,com.ibm.janusgraph.utils.generator.bean.GSONSchema,getPropertyKey/1[java.lang.String],name,2
/home/sandro/workspace/sandro/MLCQCodeSmellSamples/scripts/../dataset/janusgraph-utils_b4584a3cbeec49f0df14d364aeb03976f5d5ca19/src/main/java/com/ibm/janusgraph/utils/generator/bean/GSONSchema.java,com.ibm.janusgraph.utils.generator.bean.GSONSchema,getEdgeIndex/1[java.lang.String],iterator,3
/home/sandro/workspace/sandro/MLCQCodeSmellSamples/scripts/../dataset/janusgraph-utils_b4584a3cbeec49f0df14d364aeb03976f5d5ca19/src/main/java/com/ibm/janusgraph/utils/generator/bean/GSONSchema.java,com.ibm.janusgraph.utils.generator.bean.GSONSchema,getEdgeIndex/1[java.lang.String],indexName,1
/home/sandro/workspace/sandro/MLCQCodeSmellSamples/scripts/../dataset/janusgraph-utils_b4584a3cbeec49f0df14d364aeb03976f5d5ca19/src/main/java/com/ibm/janusgraph/utils/generator/bean/GSONSchema.java,com.ibm.janusgraph.utils.generator.bean.GSONSchema,getEdgeIndex/1[java.lang.String],indexBean,2
/home/sandro/workspace/sandro/MLCQCodeSmellSamples/scripts/../dataset/janusgraph-utils_b4584a3cbeec49f0df14d364aeb03976f5d5ca19/src/main/java/com/ibm/janusgraph/utils/generator/bean/GSONSchema.java,com.ibm.janusgraph.utils.generator.bean.GSONSchema,getVertexIndex/1[java.lang.String],iterator,3
/home/sandro/workspace/sandro/MLCQCodeSmellSamples/scripts/../dataset/janusgraph-utils_b4584a3cbeec49f0df14d364aeb03976f5d5ca19/src/main/java/com/ibm/janusgraph/utils/generator/bean/GSONSchema.java,com.ibm.janusgraph.utils.generator.bean.GSONSchema,getVertexIndex/1[java.lang.String],indexName,1
/home/sandro/workspace/sandro/MLCQCodeSmellSamples/scripts/../dataset/janusgraph-utils_b4584a3cbeec49f0df14d364aeb03976f5d5ca19/src/main/java/com/ibm/janusgraph/utils/generator/bean/GSONSchema.java,com.ibm.janusgraph.utils.generator.bean.GSONSchema,getVertexIndex/1[java.lang.String],indexBean,2
/home/sandro/workspace/sandro/MLCQCodeSmellSamples/scripts/../dataset/janusgraph-utils_b4584a3cbeec49f0df14d364aeb03976f5d5ca19/src/main/java/com/ibm/janusgraph/utils/generator/IdStore.java,com.ibm.janusgraph.utils.generator.IdStore,"IdStore/3[com.ibm.janusgraph.utils.generator.bean.CSVIdBean,com.ibm.janusgraph.utils.generator.bean.RelationBean,java.lang.String]",multiplicity,8
/home/sandro/workspace/sandro/MLCQCodeSmellSamples/scripts/../dataset/janusgraph-utils_b4584a3cbeec49f0df14d364aeb03976f5d5ca19/src/main/java/com/ibm/janusgraph/utils/generator/IdStore.java,com.ibm.janusgraph.utils.generator.IdStore,"IdStore/3[com.ibm.janusgraph.utils.generator.bean.CSVIdBean,com.ibm.janusgraph.utils.generator.bean.RelationBean,java.lang.String]",idbean,1
/home/sandro/workspace/sandro/MLCQCodeSmellSamples/scripts/../dataset/janusgraph-utils_b4584a3cbeec49f0df14d364aeb03976f5d5ca19/src/main/java/com/ibm/janusgraph/utils/generator/IdStore.java,com.ibm.janusgraph.utils.generator.IdStore,"IdStore/3[com.ibm.janusgraph.utils.generator.bean.CSVIdBean,com.ibm.janusgraph.utils.generator.bean.RelationBean,java.lang.String]",relation,4
/home/sandro/workspace/sandro/MLCQCodeSmellSamples/scripts/../dataset/janusgraph-utils_b4584a3cbeec49f0df14d364aeb03976f5d5ca19/src/main/java/com/ibm/janusgraph/utils/generator/IdStore.java,com.ibm.janusgraph.utils.generator.IdStore,getRandomPairIdForRelation/0,excl,14
/home/sandro/workspace/sandro/MLCQCodeSmellSamples/scripts/../dataset/janusgraph-utils_b4584a3cbeec49f0df14d364aeb03976f5d5ca19/src/main/java/com/ibm/janusgraph/utils/generator/IdStore.java,com.ibm.janusgraph.utils.generator.IdStore,getRandomPairIdForRelation/0,added,2
/home/sandro/workspace/sandro/MLCQCodeSmellSamples/scripts/../dataset/janusgraph-utils_b4584a3cbeec49f0df14d364aeb03976f5d5ca19/src/main/java/com/ibm/janusgraph/utils/generator/IdStore.java,com.ibm.janusgraph.utils.generator.IdStore,getRandomPairIdForRelation/0,ids,50
/home/sandro/workspace/sandro/MLCQCodeSmellSamples/scripts/../dataset/janusgraph-utils_b4584a3cbeec49f0df14d364aeb03976f5d5ca19/src/main/java/com/ibm/janusgraph/utils/generator/IdStore.java,com.ibm.janusgraph.utils.generator.IdStore,getRandomPairIdForRelation/0,index,2
/home/sandro/workspace/sandro/MLCQCodeSmellSamples/scripts/../dataset/janusgraph-utils_b4584a3cbeec49f0df14d364aeb03976f5d5ca19/src/main/java/com/ibm/janusgraph/utils/generator/IdStore.java,com.ibm.janusgraph.utils.generator.IdStore,"lastIndexOf/4[java.util.List<java.lang.Integer>,int,int,int]",start,4
/home/sandro/workspace/sandro/MLCQCodeSmellSamples/scripts/../dataset/janusgraph-utils_b4584a3cbeec49f0df14d364aeb03976f5d5ca19/src/main/java/com/ibm/janusgraph/utils/generator/IdStore.java,com.ibm.janusgraph.utils.generator.IdStore,"lastIndexOf/4[java.util.List<java.lang.Integer>,int,int,int]",i,4
/home/sandro/workspace/sandro/MLCQCodeSmellSamples/scripts/../dataset/janusgraph-utils_b4584a3cbeec49f0df14d364aeb03976f5d5ca19/src/main/java/com/ibm/janusgraph/utils/generator/IdStore.java,com.ibm.janusgraph.utils.generator.IdStore,"lastIndexOf/4[java.util.List<java.lang.Integer>,int,int,int]",mid,4
/home/sandro/workspace/sandro/MLCQCodeSmellSamples/scripts/../dataset/janusgraph-utils_b4584a3cbeec49f0df14d364aeb03976f5d5ca19/src/main/java/com/ibm/janusgraph/utils/generator/IdStore.java,com.ibm.janusgraph.utils.generator.IdStore,"lastIndexOf/4[java.util.List<java.lang.Integer>,int,int,int]",end,3
/home/sandro/workspace/sandro/MLCQCodeSmellSamples/scripts/../dataset/janusgraph-utils_b4584a3cbeec49f0df14d364aeb03976f5d5ca19/src/main/java/com/ibm/janusgraph/utils/generator/IdStore.java,com.ibm.janusgraph.utils.generator.IdStore,"lastIndexOf/4[java.util.List<java.lang.Integer>,int,int,int]",l,4
/home/sandro/workspace/sandro/MLCQCodeSmellSamples/scripts/../dataset/janusgraph-utils_b4584a3cbeec49f0df14d364aeb03976f5d5ca19/src/main/java/com/ibm/janusgraph/utils/generator/IdStore.java,com.ibm.janusgraph.utils.generator.IdStore,"orderedIndex/2[java.util.List<java.lang.Integer>,int]",i,1
/home/sandro/workspace/sandro/MLCQCodeSmellSamples/scripts/../dataset/janusgraph-utils_b4584a3cbeec49f0df14d364aeb03976f5d5ca19/src/main/java/com/ibm/janusgraph/utils/generator/IdStore.java,com.ibm.janusgraph.utils.generator.IdStore,"orderedIndex/2[java.util.List<java.lang.Integer>,int]",l,2
/home/sandro/workspace/sandro/MLCQCodeSmellSamples/scripts/../dataset/janusgraph-utils_b4584a3cbeec49f0df14d364aeb03976f5d5ca19/src/main/java/com/ibm/janusgraph/utils/generator/IdStore.java,com.ibm.janusgraph.utils.generator.IdStore,"getRandomIdWithException/2[java.lang.String,java.util.List<java.lang.Integer>]",ex,2
/home/sandro/workspace/sandro/MLCQCodeSmellSamples/scripts/../dataset/janusgraph-utils_b4584a3cbeec49f0df14d364aeb03976f5d5ca19/src/main/java/com/ibm/janusgraph/utils/generator/IdStore.java,com.ibm.janusgraph.utils.generator.IdStore,"getRandomIdWithException/2[java.lang.String,java.util.List<java.lang.Integer>]",found,2
/home/sandro/workspace/sandro/MLCQCodeSmellSamples/scripts/../dataset/janusgraph-utils_b4584a3cbeec49f0df14d364aeb03976f5d5ca19/src/main/java/com/ibm/janusgraph/utils/generator/IdStore.java,com.ibm.janusgraph.utils.generator.IdStore,"getRandomIdWithException/2[java.lang.String,java.util.List<java.lang.Integer>]",vType,2
/home/sandro/workspace/sandro/MLCQCodeSmellSamples/scripts/../dataset/janusgraph-utils_b4584a3cbeec49f0df14d364aeb03976f5d5ca19/src/main/java/com/ibm/janusgraph/utils/generator/IdStore.java,com.ibm.janusgraph.utils.generator.IdStore,"getRandomIdWithException/2[java.lang.String,java.util.List<java.lang.Integer>]",start,2
/home/sandro/workspace/sandro/MLCQCodeSmellSamples/scripts/../dataset/janusgraph-utils_b4584a3cbeec49f0df14d364aeb03976f5d5ca19/src/main/java/com/ibm/janusgraph/utils/generator/IdStore.java,com.ibm.janusgraph.utils.generator.IdStore,"getRandomIdWithException/2[java.lang.String,java.util.List<java.lang.Integer>]",rnd,4
/home/sandro/workspace/sandro/MLCQCodeSmellSamples/scripts/../dataset/janusgraph-utils_b4584a3cbeec49f0df14d364aeb03976f5d5ca19/src/main/java/com/ibm/janusgraph/utils/generator/IdStore.java,com.ibm.janusgraph.utils.generator.IdStore,"getRandomIdWithException/2[java.lang.String,java.util.List<java.lang.Integer>]",end,2
/home/sandro/workspace/sandro/MLCQCodeSmellSamples/scripts/../dataset/janusgraph-utils_b4584a3cbeec49f0df14d364aeb03976f5d5ca19/src/main/java/com/ibm/janusgraph/utils/generator/IdStore.java,com.ibm.janusgraph.utils.generator.IdStore,getRandomIdForRelation/1[int],excl,6
/home/sandro/workspace/sandro/MLCQCodeSmellSamples/scripts/../dataset/janusgraph-utils_b4584a3cbeec49f0df14d364aeb03976f5d5ca19/src/main/java/com/ibm/janusgraph/utils/generator/IdStore.java,com.ibm.janusgraph.utils.generator.IdStore,getRandomIdForRelation/1[int],leftId,2
/home/sandro/workspace/sandro/MLCQCodeSmellSamples/scripts/../dataset/janusgraph-utils_b4584a3cbeec49f0df14d364aeb03976f5d5ca19/src/main/java/com/ibm/janusgraph/utils/generator/IdStore.java,com.ibm.janusgraph.utils.generator.IdStore,getRandomIdForRelation/1[int],ids,19
