file,class,type,cbo,cboModified,fanin,fanout,wmc,dit,noc,rfc,lcom,lcom*,tcc,lcc,totalMethodsQty,staticMethodsQty,publicMethodsQty,privateMethodsQty,protectedMethodsQty,defaultMethodsQty,visibleMethodsQty,abstractMethodsQty,finalMethodsQty,synchronizedMethodsQty,totalFieldsQty,staticFieldsQty,publicFieldsQty,privateFieldsQty,protectedFieldsQty,defaultFieldsQty,finalFieldsQty,synchronizedFieldsQty,nosi,loc,returnQty,loopQty,comparisonsQty,tryCatchQty,parenthesizedExpsQty,stringLiteralsQty,numbersQty,assignmentsQty,mathOperationsQty,variablesQty,maxNestedBlocksQty,anonymousClassesQty,innerClassesQty,lambdasQty,uniqueWordsQty,modifiers,logStatementsQty
/home/sandro/workspace/sandro/MLCQCodeSmellSamples/scripts/../dataset/greenhouse_c7994183812150de971ef4a76c08d5b4631ab5d1/src/main/java/com/springsource/greenhouse/members/JdbcProfileRepository.java,com.springsource.greenhouse.members.JdbcProfileRepository$Anonymous1,anonymous,2,2,0,2,1,1,0,2,0,0.0,NaN,NaN,1,0,1,0,0,0,1,0,0,0,0,0,0,0,0,0,0,0,0,6,1,0,0,0,0,2,0,1,0,1,0,0,0,0,14,-1,0
/home/sandro/workspace/sandro/MLCQCodeSmellSamples/scripts/../dataset/greenhouse_c7994183812150de971ef4a76c08d5b4631ab5d1/src/main/java/com/springsource/greenhouse/config/SecurityConfig.java,com.springsource.greenhouse.config.SecurityConfig$Embedded,innerclass,5,5,0,5,2,1,0,2,1,0.0,0.0,0.0,2,0,2,0,0,0,2,0,0,0,0,0,0,0,0,0,0,0,0,8,2,0,0,0,0,1,0,0,0,0,0,0,0,0,13,8,0
/home/sandro/workspace/sandro/MLCQCodeSmellSamples/scripts/../dataset/greenhouse_c7994183812150de971ef4a76c08d5b4631ab5d1/src/main/java/com/springsource/greenhouse/invite/InviteRepository.java,com.springsource.greenhouse.invite.InviteRepository,interface,3,8,5,3,4,1,0,0,6,0.0,0.0,0.0,4,0,0,0,0,4,4,0,0,0,0,0,0,0,0,0,0,0,0,6,0,0,0,0,0,0,0,0,0,0,0,0,0,0,85,1,0
/home/sandro/workspace/sandro/MLCQCodeSmellSamples/scripts/../dataset/greenhouse_c7994183812150de971ef4a76c08d5b4631ab5d1/src/main/java/com/springsource/greenhouse/activity/badge/StandardBadgeSystem.java,com.springsource.greenhouse.activity.badge.StandardBadgeSystem,class,8,10,2,8,7,1,0,9,6,0.6,0.33333334,0.5,5,0,4,1,0,0,4,0,0,0,2,0,0,2,0,0,2,0,0,54,4,0,1,0,1,1,0,4,0,4,1,0,3,0,29,0,0
/home/sandro/workspace/sandro/MLCQCodeSmellSamples/scripts/../dataset/greenhouse_c7994183812150de971ef4a76c08d5b4631ab5d1/src/main/java/com/springsource/greenhouse/config/IntegrationConfig.java,com.springsource.greenhouse.config.IntegrationConfig,class,2,2,0,2,0,1,0,0,0,0.0,-1.0,-1.0,0,0,0,0,0,0,0,0,0,0,0,0,0,0,0,0,0,0,0,2,0,0,0,0,0,2,0,0,0,0,0,0,0,0,43,1,0
/home/sandro/workspace/sandro/MLCQCodeSmellSamples/scripts/../dataset/greenhouse_c7994183812150de971ef4a76c08d5b4631ab5d1/src/main/java/com/springsource/greenhouse/develop/JdbcAppRepository.java,com.springsource.greenhouse.develop.JdbcAppRepository$Anonymous2,anonymous,1,1,0,1,1,1,0,3,0,0.0,NaN,NaN,1,0,1,0,0,0,1,0,0,0,0,0,0,0,0,0,0,0,0,5,1,0,0,0,0,3,0,0,0,0,0,0,0,0,11,-1,0
/home/sandro/workspace/sandro/MLCQCodeSmellSamples/scripts/../dataset/greenhouse_c7994183812150de971ef4a76c08d5b4631ab5d1/src/main/java/com/springsource/greenhouse/invite/mail/AsyncMailInviteService.java,com.springsource.greenhouse.invite.mail.AsyncMailInviteService,class,19,21,2,19,6,1,0,18,2,0.6,1.0,1.0,4,0,2,2,0,0,2,0,0,0,5,0,0,5,0,0,5,0,0,39,1,1,0,0,0,8,0,10,0,10,1,0,0,0,86,1,0
/home/sandro/workspace/sandro/MLCQCodeSmellSamples/scripts/../dataset/greenhouse_c7994183812150de971ef4a76c08d5b4631ab5d1/src/main/java/com/springsource/greenhouse/reset/ResetPasswordMailer.java,com.springsource.greenhouse.reset.ResetPasswordMailer,interface,1,3,2,1,1,1,0,0,0,0.0,NaN,NaN,1,0,0,0,0,1,1,0,0,0,0,0,0,0,0,0,0,0,0,3,0,0,0,0,0,0,0,0,0,0,0,0,0,0,20,1,0
/home/sandro/workspace/sandro/MLCQCodeSmellSamples/scripts/../dataset/greenhouse_c7994183812150de971ef4a76c08d5b4631ab5d1/src/main/java/com/springsource/greenhouse/develop/JdbcAppRepository.java,com.springsource.greenhouse.develop.JdbcAppRepository$Anonymous3,anonymous,1,1,0,1,1,1,0,6,0,0.0,NaN,NaN,1,0,1,0,0,0,1,0,0,0,0,0,0,0,0,0,0,0,0,11,1,0,0,0,0,5,0,1,0,1,0,0,0,0,13,-1,0
/home/sandro/workspace/sandro/MLCQCodeSmellSamples/scripts/../dataset/greenhouse_c7994183812150de971ef4a76c08d5b4631ab5d1/src/main/java/com/springsource/greenhouse/develop/JdbcAppRepository.java,com.springsource.greenhouse.develop.JdbcAppRepository$Anonymous1,anonymous,1,1,0,1,1,1,0,1,0,0.0,NaN,NaN,1,0,1,0,0,0,1,0,0,0,0,0,0,0,0,0,0,0,0,6,1,0,0,0,0,4,0,1,0,1,0,0,0,0,15,-1,0
/home/sandro/workspace/sandro/MLCQCodeSmellSamples/scripts/../dataset/greenhouse_c7994183812150de971ef4a76c08d5b4631ab5d1/src/main/java/com/springsource/greenhouse/utils/SubResourceReference.java,com.springsource.greenhouse.utils.SubResourceReference,class,3,5,2,3,2,2,0,0,0,0.0,1.0,1.0,2,0,2,0,0,0,2,0,0,0,1,0,0,1,0,0,1,0,0,10,1,0,0,0,0,0,0,1,0,1,0,0,0,0,26,17,0
/home/sandro/workspace/sandro/MLCQCodeSmellSamples/scripts/../dataset/greenhouse_c7994183812150de971ef4a76c08d5b4631ab5d1/src/main/java/com/springsource/greenhouse/config/WebConfig.java,com.springsource.greenhouse.config.WebConfig$AccountHandlerMethodArgumentResolver,innerclass,7,7,0,7,4,1,0,4,1,0.0,0.0,0.0,2,0,2,0,0,0,2,0,0,0,0,0,0,0,0,0,0,0,0,9,2,0,1,0,0,0,0,1,0,1,0,0,0,0,25,10,0
/home/sandro/workspace/sandro/MLCQCodeSmellSamples/scripts/../dataset/greenhouse_c7994183812150de971ef4a76c08d5b4631ab5d1/src/main/java/com/springsource/greenhouse/events/JdbcEventRepository.java,com.springsource.greenhouse.events.JdbcEventRepository$Anonymous1,anonymous,5,5,0,5,3,1,0,7,3,0.0,0.0,0.0,3,0,0,0,3,0,3,0,0,0,0,0,0,0,0,0,0,0,2,12,2,0,0,0,0,16,0,1,0,1,0,0,0,0,19,-1,0
/home/sandro/workspace/sandro/MLCQCodeSmellSamples/scripts/../dataset/greenhouse_c7994183812150de971ef4a76c08d5b4631ab5d1/src/main/java/com/springsource/greenhouse/events/JdbcEventRepository.java,com.springsource.greenhouse.events.JdbcEventRepository$Anonymous2,anonymous,4,4,0,4,3,1,0,8,3,0.0,0.0,0.0,3,0,0,0,3,0,3,0,0,0,0,0,0,0,0,0,0,0,2,12,2,0,0,0,0,13,0,1,0,1,0,0,0,0,19,-1,0
/home/sandro/workspace/sandro/MLCQCodeSmellSamples/scripts/../dataset/greenhouse_c7994183812150de971ef4a76c08d5b4631ab5d1/src/test/java/com/springsource/greenhouse/members/JdbcProfileRepositoryTest.java,com.springsource.greenhouse.members.JdbcProfileRepositoryTest,class,12,13,1,12,9,1,0,17,6,0.6666667,0.73333335,1.0,8,0,6,2,0,0,6,0,0,0,3,0,0,3,0,0,0,0,0,39,0,0,1,0,0,7,9,4,0,4,1,0,0,0,35,1,0
/home/sandro/workspace/sandro/MLCQCodeSmellSamples/scripts/../dataset/greenhouse_c7994183812150de971ef4a76c08d5b4631ab5d1/src/main/java/com/springsource/greenhouse/home/UserLocationHandlerInterceptor.java,com.springsource.greenhouse.home.UserLocationHandlerInterceptor,class,5,6,1,5,5,1,0,2,3,0.6666667,0.0,0.0,3,0,3,0,0,0,3,0,0,0,1,1,1,0,0,0,1,0,0,15,1,0,2,0,0,3,0,3,0,3,1,0,0,0,51,1,0
/home/sandro/workspace/sandro/MLCQCodeSmellSamples/scripts/../dataset/greenhouse_c7994183812150de971ef4a76c08d5b4631ab5d1/src/main/java/com/springsource/greenhouse/develop/oauth/AppClientDetailsService.java,com.springsource.greenhouse.develop.oauth.AppClientDetailsService,class,10,11,1,10,4,2,0,2,1,0.33333334,1.0,1.0,3,0,2,1,0,0,2,0,0,0,1,0,0,1,0,0,1,0,0,23,2,0,0,1,0,2,0,1,1,1,1,0,1,0,38,1,0
/home/sandro/workspace/sandro/MLCQCodeSmellSamples/scripts/../dataset/greenhouse_c7994183812150de971ef4a76c08d5b4631ab5d1/src/main/java/com/springsource/greenhouse/invite/InviteController.java,com.springsource.greenhouse.invite.InviteController$Anonymous1,anonymous,2,2,0,2,1,1,0,1,0,0.0,NaN,NaN,1,0,1,0,0,0,1,0,0,0,0,0,0,0,0,0,0,0,0,5,0,0,0,0,0,0,0,0,0,0,0,0,0,0,4,-1,0
/home/sandro/workspace/sandro/MLCQCodeSmellSamples/scripts/../dataset/greenhouse_c7994183812150de971ef4a76c08d5b4631ab5d1/src/main/java/com/springsource/greenhouse/events/RatingPeriodClosedException.java,com.springsource.greenhouse.events.RatingPeriodClosedException,class,1,2,1,1,3,3,0,0,0,0.33333334,0.6666667,1.0,3,0,3,0,0,0,3,0,0,0,2,0,0,2,0,0,2,0,0,15,2,0,0,0,0,2,0,2,0,2,0,0,0,0,39,17,0
/home/sandro/workspace/sandro/MLCQCodeSmellSamples/scripts/../dataset/greenhouse_c7994183812150de971ef4a76c08d5b4631ab5d1/src/main/java/com/springsource/greenhouse/account/PictureUrlMapper.java,com.springsource.greenhouse.account.PictureUrlMapper,class,4,7,3,4,3,1,0,7,0,0.0,1.0,1.0,3,0,3,0,0,0,3,0,0,0,2,0,0,2,0,0,2,0,1,15,2,0,0,0,0,3,1,3,0,3,0,0,0,0,36,17,0
/home/sandro/workspace/sandro/MLCQCodeSmellSamples/scripts/../dataset/greenhouse_c7994183812150de971ef4a76c08d5b4631ab5d1/src/main/java/com/springsource/greenhouse/groups/Group.java,com.springsource.greenhouse.groups.Group,class,0,5,5,0,6,1,0,0,9,0.6666667,0.2,0.2,6,0,6,0,0,0,6,0,0,0,3,0,0,3,0,0,0,0,0,23,3,0,0,0,0,0,0,3,0,3,0,0,0,0,37,1,0
/home/sandro/workspace/sandro/MLCQCodeSmellSamples/scripts/../dataset/greenhouse_c7994183812150de971ef4a76c08d5b4631ab5d1/src/main/java/com/springsource/greenhouse/activity/action/SimpleAction.java,com.springsource.greenhouse.activity.action.SimpleAction,class,5,11,6,5,4,2,0,4,1,0.33333334,0.33333334,0.33333334,3,0,3,0,0,0,3,0,0,0,1,0,0,1,0,0,1,0,0,14,2,0,0,0,0,3,0,2,1,2,0,0,0,0,29,17,0
/home/sandro/workspace/sandro/MLCQCodeSmellSamples/scripts/../dataset/greenhouse_c7994183812150de971ef4a76c08d5b4631ab5d1/src/main/java/com/springsource/greenhouse/utils/Location.java,com.springsource.greenhouse.utils.Location,class,2,17,15,2,8,1,0,4,0,0.33333334,0.53333336,0.6666667,6,1,6,0,0,0,6,0,0,0,2,0,0,2,0,0,2,0,0,28,6,0,1,0,1,0,1,4,2,4,1,0,0,0,39,17,0
/home/sandro/workspace/sandro/MLCQCodeSmellSamples/scripts/../dataset/greenhouse_c7994183812150de971ef4a76c08d5b4631ab5d1/src/main/java/com/springsource/greenhouse/config/SecurityConfig.java,com.springsource.greenhouse.config.SecurityConfig,class,2,2,0,2,0,1,0,0,0,0.0,-1.0,-1.0,0,0,0,0,0,0,0,0,0,0,0,0,0,0,0,0,0,0,0,22,0,0,0,0,0,1,0,0,0,0,0,0,2,0,84,1,0
/home/sandro/workspace/sandro/MLCQCodeSmellSamples/scripts/../dataset/greenhouse_c7994183812150de971ef4a76c08d5b4631ab5d1/src/main/java/org/springframework/templating/StringTemplate.java,org.springframework.templating.StringTemplate,interface,0,10,10,0,2,1,0,0,1,0.0,0.0,0.0,2,0,0,0,0,2,2,0,0,0,0,0,0,0,0,0,0,0,0,4,0,0,0,0,0,0,0,0,0,0,0,0,0,0,44,1,0
/home/sandro/workspace/sandro/MLCQCodeSmellSamples/scripts/../dataset/greenhouse_c7994183812150de971ef4a76c08d5b4631ab5d1/src/main/java/org/springframework/templating/StringTemplateLoader.java,org.springframework.templating.StringTemplateLoader,interface,2,3,1,2,1,1,0,0,0,0.0,NaN,NaN,1,0,0,0,0,1,1,0,0,0,0,0,0,0,0,0,0,0,0,3,0,0,0,0,0,0,0,0,0,0,0,0,0,0,43,1,0
/home/sandro/workspace/sandro/MLCQCodeSmellSamples/scripts/../dataset/greenhouse_c7994183812150de971ef4a76c08d5b4631ab5d1/src/main/java/com/springsource/greenhouse/account/PictureSize.java,com.springsource.greenhouse.account.PictureSize,enum,0,2,2,0,0,1,0,0,0,0.0,-1.0,-1.0,0,0,0,0,0,0,0,0,0,0,0,0,0,0,0,0,0,0,0,4,0,0,0,0,0,0,0,0,0,0,0,0,0,0,31,1,0
/home/sandro/workspace/sandro/MLCQCodeSmellSamples/scripts/../dataset/greenhouse_c7994183812150de971ef4a76c08d5b4631ab5d1/src/main/java/com/springsource/greenhouse/account/AccountMapper.java,com.springsource.greenhouse.account.AccountMapper,class,11,14,3,11,5,1,0,8,0,0.68,0.5,0.5,5,0,4,1,0,0,4,0,0,0,5,2,2,3,0,0,5,0,0,35,3,0,0,0,0,8,0,6,0,6,0,1,0,0,98,1,0
/home/sandro/workspace/sandro/MLCQCodeSmellSamples/scripts/../dataset/greenhouse_c7994183812150de971ef4a76c08d5b4631ab5d1/src/main/java/com/springsource/greenhouse/activity/badge/StandardBadgeSystem.java,com.springsource.greenhouse.activity.badge.StandardBadgeSystem$BadgeAwarderMatcher,interface,1,1,0,1,1,1,0,0,0,0.0,NaN,NaN,1,0,0,0,0,1,1,0,0,0,0,0,0,0,0,0,0,0,0,3,0,0,0,0,0,0,0,0,0,0,0,0,0,0,6,1,0
/home/sandro/workspace/sandro/MLCQCodeSmellSamples/scripts/../dataset/greenhouse_c7994183812150de971ef4a76c08d5b4631ab5d1/src/main/java/com/springsource/greenhouse/account/SignInNotFoundException.java,com.springsource.greenhouse.account.SignInNotFoundException,class,1,3,2,1,2,4,0,0,0,0.0,1.0,1.0,2,0,2,0,0,0,2,0,0,0,1,0,0,1,0,0,1,0,0,10,1,0,0,0,0,2,0,1,0,1,0,0,0,0,19,17,0
/home/sandro/workspace/sandro/MLCQCodeSmellSamples/scripts/../dataset/greenhouse_c7994183812150de971ef4a76c08d5b4631ab5d1/src/main/java/com/springsource/greenhouse/events/JdbcEventRepository.java,com.springsource.greenhouse.events.JdbcEventRepository,class,15,20,5,15,17,1,0,18,0,0.8461539,0.8181818,0.8181818,13,1,11,2,0,0,11,0,0,0,10,7,0,10,0,0,10,0,1,101,12,0,1,0,0,42,2,19,6,19,1,2,0,0,142,1,0
/home/sandro/workspace/sandro/MLCQCodeSmellSamples/scripts/../dataset/greenhouse_c7994183812150de971ef4a76c08d5b4631ab5d1/src/main/java/com/springsource/greenhouse/invite/mail/MailInviteForm.java,com.springsource.greenhouse.invite.mail.MailInviteForm,class,2,3,1,2,4,1,0,0,2,0.5,0.33333334,0.33333334,4,0,4,0,0,0,4,0,0,0,2,0,0,2,0,0,0,0,0,16,2,0,0,0,0,0,0,2,0,2,0,0,0,0,43,1,0
/home/sandro/workspace/sandro/MLCQCodeSmellSamples/scripts/../dataset/greenhouse_c7994183812150de971ef4a76c08d5b4631ab5d1/src/main/java/com/springsource/greenhouse/develop/oauth/InvalidRequestTokenException.java,com.springsource.greenhouse.develop.oauth.InvalidRequestTokenException,class,0,0,0,0,2,3,0,0,0,0.0,1.0,1.0,2,0,2,0,0,0,2,0,0,0,1,0,0,1,0,0,0,0,0,10,1,0,0,0,0,2,0,1,0,1,0,0,0,0,26,1,0
/home/sandro/workspace/sandro/MLCQCodeSmellSamples/scripts/../dataset/greenhouse_c7994183812150de971ef4a76c08d5b4631ab5d1/src/test/java/com/springsource/greenhouse/account/WelcomeMailTransformerTest.java,com.springsource.greenhouse.account.WelcomeMailTransformerTest,class,5,5,0,5,1,1,0,9,0,0.0,NaN,NaN,1,0,1,0,0,0,1,0,0,0,1,1,0,1,0,0,1,0,1,13,0,0,0,0,0,12,2,5,1,5,0,0,0,0,30,1,0
/home/sandro/workspace/sandro/MLCQCodeSmellSamples/scripts/../dataset/greenhouse_c7994183812150de971ef4a76c08d5b4631ab5d1/src/main/java/com/springsource/greenhouse/invite/TwitterInviteController.java,com.springsource.greenhouse.invite.TwitterInviteController,class,10,11,1,10,8,1,0,16,0,0.41666666,0.6666667,1.0,4,0,3,1,0,0,3,0,0,0,3,0,0,3,0,0,3,0,1,35,2,2,0,0,0,6,0,8,0,8,1,0,0,0,76,1,0
/home/sandro/workspace/sandro/MLCQCodeSmellSamples/scripts/../dataset/greenhouse_c7994183812150de971ef4a76c08d5b4631ab5d1/src/main/java/com/springsource/greenhouse/config/FileStoreConfig.java,com.springsource.greenhouse.config.FileStoreConfig,class,1,1,0,1,0,1,0,0,0,0.0,-1.0,-1.0,0,0,0,0,0,0,0,0,0,0,0,0,0,0,0,0,0,0,0,18,0,0,0,0,0,0,0,0,0,0,0,0,2,0,24,1,0
/home/sandro/workspace/sandro/MLCQCodeSmellSamples/scripts/../dataset/greenhouse_c7994183812150de971ef4a76c08d5b4631ab5d1/src/test/java/com/springsource/greenhouse/utils/SlugUtilsTest.java,com.springsource.greenhouse.utils.SlugUtilsTest,class,2,2,0,2,1,1,0,2,0,0.0,NaN,NaN,1,0,1,0,0,0,1,0,0,0,0,0,0,0,0,0,0,0,7,11,0,0,0,0,0,14,0,0,0,0,0,0,0,0,23,1,0
/home/sandro/workspace/sandro/MLCQCodeSmellSamples/scripts/../dataset/greenhouse_c7994183812150de971ef4a76c08d5b4631ab5d1/src/main/java/com/springsource/greenhouse/account/AccountUtils.java,com.springsource.greenhouse.account.AccountUtils,class,5,12,7,5,6,1,0,5,6,0.0,0.0,0.0,4,3,3,1,0,0,3,0,0,0,0,0,0,0,0,0,0,0,1,18,3,0,1,0,0,0,0,2,0,2,1,0,0,0,49,17,0
/home/sandro/workspace/sandro/MLCQCodeSmellSamples/scripts/../dataset/greenhouse_c7994183812150de971ef4a76c08d5b4631ab5d1/src/main/java/com/springsource/greenhouse/config/FileStoreConfig.java,com.springsource.greenhouse.config.FileStoreConfig$Embedded,innerclass,8,8,0,8,1,1,0,3,0,0.0,NaN,NaN,1,0,1,0,0,0,1,0,0,0,2,0,0,2,0,0,0,0,0,10,1,0,0,0,0,4,0,2,1,4,0,0,0,0,16,8,0
/home/sandro/workspace/sandro/MLCQCodeSmellSamples/scripts/../dataset/greenhouse_c7994183812150de971ef4a76c08d5b4631ab5d1/src/main/java/com/springsource/greenhouse/members/JdbcProfileRepository.java,com.springsource.greenhouse.members.JdbcProfileRepository$ProfileMapper,innerclass,3,3,0,3,1,1,0,3,0,0.0,NaN,NaN,1,0,1,0,0,0,1,0,0,0,1,0,0,1,0,0,0,0,0,6,1,0,0,0,0,2,0,1,0,1,0,0,0,0,14,2,0
/home/sandro/workspace/sandro/MLCQCodeSmellSamples/scripts/../dataset/greenhouse_c7994183812150de971ef4a76c08d5b4631ab5d1/src/main/java/com/springsource/greenhouse/signup/SignupForm.java,com.springsource.greenhouse.signup.SignupForm,class,15,20,5,15,21,1,0,8,146,0.84656084,0.15238096,0.73333335,21,1,20,0,1,0,21,0,0,0,9,0,0,9,0,0,0,0,0,81,11,0,0,0,0,10,4,13,0,10,0,0,0,0,83,1,0
/home/sandro/workspace/sandro/MLCQCodeSmellSamples/scripts/../dataset/greenhouse_c7994183812150de971ef4a76c08d5b4631ab5d1/src/main/java/com/springsource/greenhouse/invite/mail/MailInviteController.java,com.springsource.greenhouse.invite.mail.MailInviteController,class,15,16,1,15,5,1,0,12,4,0.625,0.33333334,0.33333334,4,0,3,1,0,0,3,0,0,0,2,0,0,2,0,0,2,0,1,25,4,0,0,0,0,6,0,4,0,4,1,0,0,0,73,1,0
/home/sandro/workspace/sandro/MLCQCodeSmellSamples/scripts/../dataset/greenhouse_c7994183812150de971ef4a76c08d5b4631ab5d1/src/main/java/com/springsource/greenhouse/develop/AppSummary.java,com.springsource.greenhouse.develop.AppSummary,class,0,6,6,0,5,1,0,0,2,0.6,0.4,1.0,5,0,5,0,0,0,5,0,0,0,4,0,0,4,0,0,4,0,0,24,4,0,0,0,0,0,0,4,0,4,0,0,0,0,38,1,0
/home/sandro/workspace/sandro/MLCQCodeSmellSamples/scripts/../dataset/greenhouse_c7994183812150de971ef4a76c08d5b4631ab5d1/src/test/java/com/springsource/greenhouse/connect/TwitterConnectInterceptorTest.java,com.springsource.greenhouse.connect.TwitterConnectInterceptorTest,class,8,8,0,8,5,1,0,8,0,0.4,0.6,0.6,5,0,5,0,0,0,5,0,0,0,3,0,0,3,0,0,0,0,2,31,0,0,0,0,0,17,2,7,0,7,0,0,0,0,32,1,0
/home/sandro/workspace/sandro/MLCQCodeSmellSamples/scripts/../dataset/greenhouse_c7994183812150de971ef4a76c08d5b4631ab5d1/src/main/java/com/springsource/greenhouse/config/ComponentConfig.java,com.springsource.greenhouse.config.ComponentConfig$Embedded,innerclass,3,3,0,3,0,1,0,0,0,0.0,-1.0,-1.0,0,0,0,0,0,0,0,0,0,0,0,0,0,0,0,0,0,0,0,2,0,0,0,0,0,2,0,0,0,0,0,0,0,0,10,8,0
/home/sandro/workspace/sandro/MLCQCodeSmellSamples/scripts/../dataset/greenhouse_c7994183812150de971ef4a76c08d5b4631ab5d1/src/main/java/com/springsource/greenhouse/signup/SignupFormDeserializers.java,com.springsource.greenhouse.signup.SignupFormDeserializers,class,1,1,0,1,0,3,0,0,0,0.0,-1.0,-1.0,0,0,0,0,0,0,0,0,0,0,0,0,0,0,0,0,0,0,0,17,0,0,0,0,0,0,0,0,0,0,0,0,2,0,3,0,0
/home/sandro/workspace/sandro/MLCQCodeSmellSamples/scripts/../dataset/greenhouse_c7994183812150de971ef4a76c08d5b4631ab5d1/src/main/java/com/springsource/greenhouse/members/JdbcProfileRepository.java,com.springsource.greenhouse.members.JdbcProfileRepository,class,11,14,3,11,9,1,0,7,9,0.71428573,0.5,0.5,7,0,4,3,0,0,4,0,0,0,5,2,0,5,0,0,5,0,1,48,7,0,1,1,0,4,0,6,2,6,1,1,1,0,84,1,0
/home/sandro/workspace/sandro/MLCQCodeSmellSamples/scripts/../dataset/greenhouse_c7994183812150de971ef4a76c08d5b4631ab5d1/src/main/java/com/springsource/greenhouse/develop/AppForm.java,com.springsource.greenhouse.develop.AppForm,class,1,6,5,1,10,1,0,0,35,0.8,0.11111111,0.11111111,10,0,10,0,0,0,10,0,0,0,5,0,0,5,0,0,0,0,0,37,5,0,0,0,0,0,0,5,0,5,0,0,0,0,46,1,0
/home/sandro/workspace/sandro/MLCQCodeSmellSamples/scripts/../dataset/greenhouse_c7994183812150de971ef4a76c08d5b4631ab5d1/src/main/java/com/springsource/greenhouse/groups/JdbcGroupRepository.java,com.springsource.greenhouse.groups.JdbcGroupRepository$Anonymous1,anonymous,1,1,0,1,1,1,0,4,0,0.0,NaN,NaN,1,0,1,0,0,0,1,0,0,0,0,0,0,0,0,0,0,0,0,9,1,0,0,0,0,3,0,1,0,1,0,0,0,0,11,-1,0
/home/sandro/workspace/sandro/MLCQCodeSmellSamples/scripts/../dataset/greenhouse_c7994183812150de971ef4a76c08d5b4631ab5d1/src/main/java/com/springsource/greenhouse/config/TaskConfig.java,com.springsource.greenhouse.config.TaskConfig,class,6,7,1,6,2,1,0,1,1,0.0,0.0,0.0,2,0,2,0,0,0,2,0,0,0,0,0,0,0,0,0,0,0,0,8,2,0,0,0,0,0,0,0,0,0,0,0,0,0,48,1,0
/home/sandro/workspace/sandro/MLCQCodeSmellSamples/scripts/../dataset/greenhouse_c7994183812150de971ef4a76c08d5b4631ab5d1/src/main/java/com/springsource/greenhouse/signup/SignupFormDeserializers.java,com.springsource.greenhouse.signup.SignupFormDeserializers$BirthdateDeserializer,innerclass,4,4,0,4,1,2,0,4,0,0.0,NaN,NaN,1,0,1,0,0,0,1,0,0,0,0,0,0,0,0,0,0,0,0,10,1,0,0,0,0,3,0,2,0,2,0,0,0,0,13,24,0
/home/sandro/workspace/sandro/MLCQCodeSmellSamples/scripts/../dataset/greenhouse_c7994183812150de971ef4a76c08d5b4631ab5d1/src/main/java/org/springframework/data/LocalFileStorage.java,org.springframework.data.LocalFileStorage,class,3,4,1,3,14,1,0,14,0,0.41666666,0.6666667,1.0,4,0,4,0,0,0,4,0,0,0,3,0,0,3,0,0,2,0,0,55,2,2,2,2,0,0,0,8,1,7,2,0,0,0,75,1,0
/home/sandro/workspace/sandro/MLCQCodeSmellSamples/scripts/../dataset/greenhouse_c7994183812150de971ef4a76c08d5b4631ab5d1/src/main/java/com/springsource/greenhouse/reset/ResetPasswordRequest.java,com.springsource.greenhouse.reset.ResetPasswordRequest,class,1,5,4,1,3,1,0,0,0,0.33333334,0.6666667,1.0,3,0,3,0,0,0,3,0,0,0,2,0,0,2,0,0,0,0,0,14,2,0,0,0,0,0,0,2,0,2,0,0,0,0,30,1,0
/home/sandro/workspace/sandro/MLCQCodeSmellSamples/scripts/../dataset/greenhouse_c7994183812150de971ef4a76c08d5b4631ab5d1/src/main/java/com/springsource/greenhouse/signup/SignupHelper.java,com.springsource.greenhouse.signup.SignupHelper$SignupCallback,interface,1,1,0,1,1,1,0,0,0,0.0,NaN,NaN,1,0,0,0,0,1,1,0,0,0,0,0,0,0,0,0,0,0,0,3,0,0,0,0,0,0,0,0,0,0,0,0,0,0,12,1,0
/home/sandro/workspace/sandro/MLCQCodeSmellSamples/scripts/../dataset/greenhouse_c7994183812150de971ef4a76c08d5b4631ab5d1/src/main/java/com/springsource/greenhouse/account/Account.java,com.springsource.greenhouse.account.Account,class,2,53,51,2,12,1,0,4,23,0.7532467,0.29090908,1.0,11,0,11,0,0,0,11,0,0,0,7,0,0,7,0,0,7,0,0,48,10,0,1,0,0,2,0,7,1,7,0,0,0,0,119,1,0
/home/sandro/workspace/sandro/MLCQCodeSmellSamples/scripts/../dataset/greenhouse_c7994183812150de971ef4a76c08d5b4631ab5d1/src/main/java/org/springframework/social/mobile/device/DeviceHandlerMethodArgumentResolver.java,org.springframework.social.mobile.device.DeviceHandlerMethodArgumentResolver,class,6,7,1,6,2,1,0,3,1,0.0,0.0,0.0,2,0,2,0,0,0,2,0,0,0,0,0,0,0,0,0,0,0,0,8,2,0,0,0,0,0,0,0,0,0,0,0,0,0,23,1,0
/home/sandro/workspace/sandro/MLCQCodeSmellSamples/scripts/../dataset/greenhouse_c7994183812150de971ef4a76c08d5b4631ab5d1/src/main/java/com/springsource/greenhouse/activity/badge/BadgeRepository.java,com.springsource.greenhouse.activity.badge.BadgeRepository,interface,3,6,3,3,1,1,0,0,0,0.0,NaN,NaN,1,0,0,0,0,1,1,0,0,0,0,0,0,0,0,0,0,0,0,3,0,0,0,0,0,0,0,0,0,0,0,0,0,0,28,1,0
/home/sandro/workspace/sandro/MLCQCodeSmellSamples/scripts/../dataset/greenhouse_c7994183812150de971ef4a76c08d5b4631ab5d1/src/main/java/com/springsource/greenhouse/signup/SignupFormDeserializers.java,com.springsource.greenhouse.signup.SignupFormDeserializers$GenderDeserializer,innerclass,4,4,0,4,1,2,0,4,0,0.0,NaN,NaN,1,0,1,0,0,0,1,0,0,0,0,0,0,0,0,0,0,0,1,5,1,0,0,0,0,0,1,0,0,0,0,0,0,0,10,24,0
/home/sandro/workspace/sandro/MLCQCodeSmellSamples/scripts/../dataset/greenhouse_c7994183812150de971ef4a76c08d5b4631ab5d1/src/test/java/com/springsource/greenhouse/events/load/NFJSLoaderTest.java,com.springsource.greenhouse.events.load.NFJSLoaderTest,class,13,14,1,13,14,1,0,34,0,0.6769231,0.7,1.0,13,0,5,8,0,0,5,0,0,0,5,1,0,5,0,0,1,0,6,142,1,1,0,0,0,140,61,19,9,19,1,0,0,0,128,1,0
/home/sandro/workspace/sandro/MLCQCodeSmellSamples/scripts/../dataset/greenhouse_c7994183812150de971ef4a76c08d5b4631ab5d1/src/main/java/org/springframework/jdbc/versioned/DatabaseChange.java,org.springframework.jdbc.versioned.DatabaseChange,interface,0,4,4,0,1,1,0,0,0,0.0,NaN,NaN,1,0,0,0,0,1,1,0,0,0,0,0,0,0,0,0,0,0,0,3,0,0,0,0,0,0,0,0,0,0,0,0,0,0,22,1,0
/home/sandro/workspace/sandro/MLCQCodeSmellSamples/scripts/../dataset/greenhouse_c7994183812150de971ef4a76c08d5b4631ab5d1/src/main/java/com/springsource/greenhouse/events/EventSessionLeader.java,com.springsource.greenhouse.events.EventSessionLeader,class,0,3,3,0,4,1,0,1,0,0.0,1.0,1.0,4,0,4,0,0,0,4,0,0,0,1,0,0,1,0,0,0,0,0,15,3,0,0,0,0,2,2,1,0,1,0,0,0,0,29,1,0
/home/sandro/workspace/sandro/MLCQCodeSmellSamples/scripts/../dataset/greenhouse_c7994183812150de971ef4a76c08d5b4631ab5d1/src/main/java/com/springsource/greenhouse/account/EmailAlreadyOnFileException.java,com.springsource.greenhouse.account.EmailAlreadyOnFileException,class,1,3,2,1,2,4,0,0,0,0.0,1.0,1.0,2,0,2,0,0,0,2,0,0,0,1,0,0,1,0,0,0,0,0,10,1,0,0,0,0,2,0,1,0,1,0,0,0,0,29,1,0
/home/sandro/workspace/sandro/MLCQCodeSmellSamples/scripts/../dataset/greenhouse_c7994183812150de971ef4a76c08d5b4631ab5d1/src/main/java/com/springsource/greenhouse/invite/InviteController.java,com.springsource.greenhouse.invite.InviteController,class,18,19,1,18,8,1,0,9,6,0.6666667,0.33333334,0.5,5,0,4,1,0,0,4,0,0,0,3,0,0,3,0,0,2,0,0,43,5,0,0,1,0,12,0,4,0,5,1,1,0,0,96,1,0
/home/sandro/workspace/sandro/MLCQCodeSmellSamples/scripts/../dataset/greenhouse_c7994183812150de971ef4a76c08d5b4631ab5d1/src/main/java/com/springsource/greenhouse/signup/WelcomeMailTransformer.java,com.springsource.greenhouse.signup.WelcomeMailTransformer,class,8,9,1,8,1,1,0,11,0,0.0,NaN,NaN,1,0,1,0,0,0,1,0,0,0,1,0,0,1,0,0,1,0,0,15,1,0,0,0,0,5,0,3,0,3,0,0,0,0,31,1,0
/home/sandro/workspace/sandro/MLCQCodeSmellSamples/scripts/../dataset/greenhouse_c7994183812150de971ef4a76c08d5b4631ab5d1/src/main/java/com/springsource/greenhouse/utils/EmailUtils.java,com.springsource.greenhouse.utils.EmailUtils,class,0,3,3,0,2,1,0,3,1,0.5,NaN,NaN,2,1,1,1,0,0,1,0,0,0,1,1,0,1,0,0,1,0,1,8,1,0,0,0,0,1,0,1,0,1,0,0,0,0,17,17,0
/home/sandro/workspace/sandro/MLCQCodeSmellSamples/scripts/../dataset/greenhouse_c7994183812150de971ef4a76c08d5b4631ab5d1/src/main/java/com/springsource/greenhouse/activity/badge/StandardBadgeSystem.java,com.springsource.greenhouse.activity.badge.StandardBadgeSystem$ActionClassMatcher,innerclass,2,2,0,2,2,1,0,1,0,0.0,1.0,1.0,2,0,2,0,0,0,2,0,0,0,1,0,0,1,0,0,1,0,0,9,1,0,0,0,0,0,0,1,0,1,0,0,0,0,7,18,0
/home/sandro/workspace/sandro/MLCQCodeSmellSamples/scripts/../dataset/greenhouse_c7994183812150de971ef4a76c08d5b4631ab5d1/src/main/java/com/springsource/greenhouse/account/AccountRepository.java,com.springsource.greenhouse.account.AccountRepository,interface,3,14,11,3,6,1,0,0,15,0.0,0.0,0.0,6,0,0,0,0,6,6,0,0,0,0,0,0,0,0,0,0,0,0,8,0,0,0,0,0,0,0,0,0,0,0,0,0,0,95,1,0
/home/sandro/workspace/sandro/MLCQCodeSmellSamples/scripts/../dataset/greenhouse_c7994183812150de971ef4a76c08d5b4631ab5d1/src/main/java/com/springsource/greenhouse/utils/VisualResourceReference.java,com.springsource.greenhouse.utils.VisualResourceReference,class,2,3,1,2,2,2,0,0,0,0.0,1.0,1.0,2,0,2,0,0,0,2,0,0,0,1,0,0,1,0,0,1,0,0,10,1,0,0,0,0,0,0,1,0,1,0,0,0,0,21,1,0
/home/sandro/workspace/sandro/MLCQCodeSmellSamples/scripts/../dataset/greenhouse_c7994183812150de971ef4a76c08d5b4631ab5d1/src/test/java/com/springsource/greenhouse/database/GreenhouseTestDatabaseBuilder.java,com.springsource.greenhouse.database.GreenhouseTestDatabaseBuilder,class,6,17,11,6,12,1,0,6,0,0.0,1.0,1.0,12,0,12,0,0,0,12,0,0,0,1,0,0,1,0,0,0,0,0,54,12,0,0,0,0,10,0,2,1,2,0,0,0,0,27,1,0
/home/sandro/workspace/sandro/MLCQCodeSmellSamples/scripts/../dataset/greenhouse_c7994183812150de971ef4a76c08d5b4631ab5d1/src/main/java/com/springsource/greenhouse/activity/badge/BadgeAwarder.java,com.springsource.greenhouse.activity.badge.BadgeAwarder,interface,2,4,2,2,1,1,0,0,0,0.0,NaN,NaN,1,0,1,0,0,0,1,0,0,0,0,0,0,0,0,0,0,0,0,3,0,0,0,0,0,0,0,0,0,0,0,0,0,0,24,1,0
/home/sandro/workspace/sandro/MLCQCodeSmellSamples/scripts/../dataset/greenhouse_c7994183812150de971ef4a76c08d5b4631ab5d1/src/main/java/com/springsource/greenhouse/config/SocialConfig.java,com.springsource.greenhouse.config.SocialConfig,class,31,32,1,31,10,1,0,12,21,0.85714287,0.0,0.0,7,0,7,0,0,0,7,0,0,0,3,0,0,3,0,0,0,0,1,40,7,0,3,0,0,13,0,5,0,8,1,0,0,0,164,1,0
/home/sandro/workspace/sandro/MLCQCodeSmellSamples/scripts/../dataset/greenhouse_c7994183812150de971ef4a76c08d5b4631ab5d1/src/main/java/com/springsource/greenhouse/utils/GeoLocation.java,com.springsource.greenhouse.utils.GeoLocation,class,1,2,1,1,16,1,0,7,0,0.6,0.33333334,0.5,5,1,4,1,0,0,4,0,0,0,3,2,0,3,0,0,2,0,2,49,5,1,3,0,1,16,13,10,3,8,2,0,0,0,42,1,0
/home/sandro/workspace/sandro/MLCQCodeSmellSamples/scripts/../dataset/greenhouse_c7994183812150de971ef4a76c08d5b4631ab5d1/src/main/java/com/springsource/greenhouse/config/DataConfig.java,com.springsource.greenhouse.config.DataConfig,class,7,7,0,7,2,1,0,0,0,0.0,1.0,1.0,2,0,2,0,0,0,2,0,0,0,1,0,0,1,0,0,0,0,0,37,2,0,0,0,0,0,0,0,0,1,0,0,2,0,67,1,0
/home/sandro/workspace/sandro/MLCQCodeSmellSamples/scripts/../dataset/greenhouse_c7994183812150de971ef4a76c08d5b4631ab5d1/src/main/java/com/springsource/greenhouse/activity/badge/BadgeSystemFactoryBean.java,com.springsource.greenhouse.activity.badge.BadgeSystemFactoryBean,class,6,6,0,6,4,1,0,1,4,0.5,0.16666667,0.16666667,4,0,4,0,0,0,4,0,0,0,1,0,0,1,0,0,1,0,0,17,3,0,0,0,0,2,0,2,0,2,0,0,0,0,34,1,0
/home/sandro/workspace/sandro/MLCQCodeSmellSamples/scripts/../dataset/greenhouse_c7994183812150de971ef4a76c08d5b4631ab5d1/src/main/java/com/springsource/greenhouse/activity/action/ActionRepository.java,com.springsource.greenhouse.activity.action.ActionRepository,interface,4,6,2,4,2,1,0,0,1,0.0,0.0,0.0,2,0,0,0,0,2,2,0,0,0,0,0,0,0,0,0,0,0,0,4,0,0,0,0,0,0,0,0,0,0,0,0,0,0,52,1,0
/home/sandro/workspace/sandro/MLCQCodeSmellSamples/scripts/../dataset/greenhouse_c7994183812150de971ef4a76c08d5b4631ab5d1/src/main/java/com/springsource/greenhouse/reset/ChangePasswordForm.java,com.springsource.greenhouse.reset.ChangePasswordForm,class,2,3,1,2,4,1,0,0,2,0.5,0.33333334,0.33333334,4,0,4,0,0,0,4,0,0,0,2,0,0,2,0,0,0,0,0,16,2,0,0,0,0,2,1,2,0,2,0,0,0,0,28,1,0
/home/sandro/workspace/sandro/MLCQCodeSmellSamples/scripts/../dataset/greenhouse_c7994183812150de971ef4a76c08d5b4631ab5d1/src/main/java/com/springsource/greenhouse/reset/ResetPasswordController.java,com.springsource.greenhouse.reset.ResetPasswordController,class,12,12,0,12,9,1,0,10,0,0.2,0.6,0.6,5,0,5,0,0,0,5,0,0,0,1,0,0,1,0,0,1,0,3,42,7,0,0,2,0,19,0,1,0,1,1,0,0,0,95,1,3
/home/sandro/workspace/sandro/MLCQCodeSmellSamples/scripts/../dataset/greenhouse_c7994183812150de971ef4a76c08d5b4631ab5d1/src/test/java/com/springsource/greenhouse/events/load/JdbcEventLoaderRepositoryTest.java,com.springsource.greenhouse.events.load.JdbcEventLoaderRepositoryTest,class,19,19,0,19,10,1,0,35,0,0.47222224,0.8055556,1.0,9,0,9,0,0,0,9,0,0,0,4,0,0,4,0,0,0,0,2,175,0,0,1,0,0,132,66,30,0,30,1,8,0,0,66,1,0
/home/sandro/workspace/sandro/MLCQCodeSmellSamples/scripts/../dataset/greenhouse_c7994183812150de971ef4a76c08d5b4631ab5d1/src/main/java/com/springsource/greenhouse/account/GreenhousePasswordEncoder.java,com.springsource.greenhouse.account.GreenhousePasswordEncoder$Digester,innerclass,1,1,0,1,4,1,0,2,0,0.0,1.0,1.0,2,0,2,0,0,0,2,0,0,0,1,0,0,1,0,0,1,0,1,19,1,0,0,1,0,2,0,1,0,1,1,0,0,0,17,10,0
/home/sandro/workspace/sandro/MLCQCodeSmellSamples/scripts/../dataset/greenhouse_c7994183812150de971ef4a76c08d5b4631ab5d1/src/main/java/com/springsource/greenhouse/database/upgrade/v3/UpdateEncryptionMethod.java,com.springsource.greenhouse.database.upgrade.v3.UpdateEncryptionMethod$StringEncryptor,interface,0,0,0,0,2,1,0,0,1,0.0,0.0,0.0,2,0,0,0,0,2,2,0,0,0,0,0,0,0,0,0,0,0,0,4,0,0,0,0,0,0,0,0,0,0,0,0,0,0,6,0,0
/home/sandro/workspace/sandro/MLCQCodeSmellSamples/scripts/../dataset/greenhouse_c7994183812150de971ef4a76c08d5b4631ab5d1/src/main/java/com/springsource/greenhouse/members/Profile.java,com.springsource.greenhouse.members.Profile,class,0,5,5,0,4,1,0,0,0,0.5,0.5,1.0,4,0,4,0,0,0,4,0,0,0,3,0,0,3,0,0,0,0,0,19,3,0,0,0,0,0,0,3,0,3,0,0,0,0,44,1,0
/home/sandro/workspace/sandro/MLCQCodeSmellSamples/scripts/../dataset/greenhouse_c7994183812150de971ef4a76c08d5b4631ab5d1/src/main/java/org/springframework/jdbc/versioned/DatabaseUpgrader.java,org.springframework.jdbc.versioned.DatabaseUpgrader,interface,1,3,2,1,2,1,0,0,1,0.0,0.0,0.0,2,0,2,0,0,0,2,0,0,0,0,0,0,0,0,0,0,0,0,4,0,0,0,0,0,0,0,0,0,0,0,0,0,0,41,1,0
/home/sandro/workspace/sandro/MLCQCodeSmellSamples/scripts/../dataset/greenhouse_c7994183812150de971ef4a76c08d5b4631ab5d1/src/main/java/com/springsource/greenhouse/signup/SignupController.java,com.springsource.greenhouse.signup.SignupController,class,21,23,2,21,12,1,0,22,9,0.5,0.5,0.5,6,0,4,2,0,0,4,0,0,0,1,0,0,1,0,0,1,0,1,69,9,1,1,0,0,20,0,14,1,14,1,1,0,0,84,1,0
/home/sandro/workspace/sandro/MLCQCodeSmellSamples/scripts/../dataset/greenhouse_c7994183812150de971ef4a76c08d5b4631ab5d1/src/main/java/com/springsource/greenhouse/config/SecurityConfig.java,com.springsource.greenhouse.config.SecurityConfig$Standard,innerclass,9,9,0,9,3,1,0,3,1,0.33333334,0.0,0.0,3,0,2,1,0,0,2,0,0,0,1,0,0,1,0,0,0,0,0,12,3,0,0,0,0,3,0,0,0,1,0,0,0,0,17,8,0
/home/sandro/workspace/sandro/MLCQCodeSmellSamples/scripts/../dataset/greenhouse_c7994183812150de971ef4a76c08d5b4631ab5d1/src/main/java/com/springsource/greenhouse/signin/AccountExposingHandlerInterceptor.java,com.springsource.greenhouse.signin.AccountExposingHandlerInterceptor,class,6,8,2,6,5,1,0,4,3,0.0,0.0,0.0,3,0,3,0,0,0,3,0,0,0,0,0,0,0,0,0,0,0,0,13,1,0,1,0,0,1,0,1,0,1,1,0,0,0,58,1,0
/home/sandro/workspace/sandro/MLCQCodeSmellSamples/scripts/../dataset/greenhouse_c7994183812150de971ef4a76c08d5b4631ab5d1/src/main/java/com/springsource/greenhouse/develop/AppConnection.java,com.springsource.greenhouse.develop.AppConnection,class,0,0,0,0,5,1,0,0,2,0.6,0.4,1.0,5,0,5,0,0,0,5,0,0,0,4,0,0,4,0,0,4,0,0,24,4,0,0,0,0,0,0,4,0,4,0,0,0,0,54,17,0
/home/sandro/workspace/sandro/MLCQCodeSmellSamples/scripts/../dataset/greenhouse_c7994183812150de971ef4a76c08d5b4631ab5d1/src/main/java/com/springsource/greenhouse/events/EventSession.java,com.springsource.greenhouse.events.EventSession,class,4,10,6,4,14,1,0,4,58,0.84615386,0.12820514,0.5897436,13,0,13,0,0,0,13,0,0,0,10,0,0,10,0,0,9,0,1,62,11,0,1,0,0,0,0,10,0,10,1,0,0,0,124,1,0
/home/sandro/workspace/sandro/MLCQCodeSmellSamples/scripts/../dataset/greenhouse_c7994183812150de971ef4a76c08d5b4631ab5d1/src/test/java/com/springsource/greenhouse/invite/JdbcInviteRepositoryTest.java,com.springsource.greenhouse.invite.JdbcInviteRepositoryTest$Anonymous1,anonymous,1,1,0,1,1,1,0,0,0,0.0,NaN,NaN,1,0,1,0,0,0,1,0,0,0,0,0,0,0,0,0,0,0,0,4,0,0,0,0,0,0,0,0,0,0,0,0,0,0,3,-1,0
/home/sandro/workspace/sandro/MLCQCodeSmellSamples/scripts/../dataset/greenhouse_c7994183812150de971ef4a76c08d5b4631ab5d1/src/main/java/com/springsource/greenhouse/config/WebConfig.java,com.springsource.greenhouse.config.WebConfig$DateTimeZoneHandlerMethodArgumentResolver,innerclass,6,6,0,6,2,1,0,4,1,0.0,0.0,0.0,2,0,2,0,0,0,2,0,0,0,0,0,0,0,0,0,0,0,0,8,2,0,0,0,0,0,0,0,0,0,0,0,0,0,24,10,0
/home/sandro/workspace/sandro/MLCQCodeSmellSamples/scripts/../dataset/greenhouse_c7994183812150de971ef4a76c08d5b4631ab5d1/src/main/java/com/springsource/greenhouse/events/load/NFJSLoader.java,com.springsource.greenhouse.events.load.NFJSLoader,class,11,14,3,11,15,1,0,15,0,0.5208333,1.0,1.0,6,0,3,3,0,0,3,0,0,0,8,3,0,8,0,0,8,0,0,97,1,6,3,0,0,53,2,50,3,50,4,0,0,0,79,1,1
/home/sandro/workspace/sandro/MLCQCodeSmellSamples/scripts/../dataset/greenhouse_c7994183812150de971ef4a76c08d5b4631ab5d1/src/main/java/org/springframework/jdbc/versioned/GenericDatabaseUpgrader.java,org.springframework.jdbc.versioned.GenericDatabaseUpgrader,class,5,7,2,5,14,1,0,21,0,0.5,0.6666667,1.0,5,0,4,1,0,0,4,0,0,0,4,1,0,4,0,0,3,0,2,87,3,1,1,6,0,9,0,13,3,11,5,0,0,0,77,1,3
/home/sandro/workspace/sandro/MLCQCodeSmellSamples/scripts/../dataset/greenhouse_c7994183812150de971ef4a76c08d5b4631ab5d1/src/main/java/com/springsource/greenhouse/config/ComponentConfig.java,com.springsource.greenhouse.config.ComponentConfig,class,2,2,0,2,0,1,0,0,0,0.0,-1.0,-1.0,0,0,0,0,0,0,0,0,0,0,0,0,0,0,0,0,0,0,0,6,0,0,0,0,0,1,0,0,0,0,0,0,2,0,32,1,0
/home/sandro/workspace/sandro/MLCQCodeSmellSamples/scripts/../dataset/greenhouse_c7994183812150de971ef4a76c08d5b4631ab5d1/src/main/java/com/springsource/greenhouse/events/load/JdbcEventLoaderRepository.java,com.springsource.greenhouse.events.load.JdbcEventLoaderRepository$Anonymous1,anonymous,1,1,0,1,1,1,0,2,0,0.0,NaN,NaN,1,0,1,0,0,0,1,0,0,0,0,0,0,0,0,0,0,0,0,5,1,0,0,0,0,2,0,0,0,0,0,0,0,0,10,-1,0
/home/sandro/workspace/sandro/MLCQCodeSmellSamples/scripts/../dataset/greenhouse_c7994183812150de971ef4a76c08d5b4631ab5d1/src/main/java/com/springsource/greenhouse/activity/action/ActionGateway.java,com.springsource.greenhouse.activity.action.ActionGateway,interface,2,4,2,2,1,1,0,0,0,0.0,NaN,NaN,1,0,0,0,0,1,1,0,0,0,0,0,0,0,0,0,0,0,0,3,0,0,0,0,0,0,0,0,0,0,0,0,0,0,38,1,0
/home/sandro/workspace/sandro/MLCQCodeSmellSamples/scripts/../dataset/greenhouse_c7994183812150de971ef4a76c08d5b4631ab5d1/src/main/java/com/springsource/greenhouse/activity/action/JdbcActionRepository.java,com.springsource.greenhouse.activity.action.JdbcActionRepository$Anonymous1,anonymous,4,4,0,4,1,1,0,0,0,0.0,NaN,NaN,1,0,1,0,0,0,1,0,0,0,0,0,0,0,0,0,0,0,0,5,1,0,0,0,0,0,0,0,0,0,0,0,0,0,9,-1,0
/home/sandro/workspace/sandro/MLCQCodeSmellSamples/scripts/../dataset/greenhouse_c7994183812150de971ef4a76c08d5b4631ab5d1/src/main/java/com/springsource/greenhouse/groups/GroupRepository.java,com.springsource.greenhouse.groups.GroupRepository,interface,1,4,3,1,1,1,0,0,0,0.0,NaN,NaN,1,0,0,0,0,1,1,0,0,0,0,0,0,0,0,0,0,0,0,3,0,0,0,0,0,0,0,0,0,0,0,0,0,0,19,1,0
/home/sandro/workspace/sandro/MLCQCodeSmellSamples/scripts/../dataset/greenhouse_c7994183812150de971ef4a76c08d5b4631ab5d1/src/main/java/com/springsource/greenhouse/home/HomeController.java,com.springsource.greenhouse.home.HomeController,class,2,2,0,2,2,1,0,0,0,0.0,NaN,NaN,1,0,1,0,0,0,1,0,0,0,0,0,0,0,0,0,0,0,0,5,1,0,1,0,0,3,0,0,0,0,0,0,0,0,30,1,0
/home/sandro/workspace/sandro/MLCQCodeSmellSamples/scripts/../dataset/greenhouse_c7994183812150de971ef4a76c08d5b4631ab5d1/src/main/java/com/springsource/greenhouse/members/ProfilePictureService.java,com.springsource.greenhouse.members.ProfilePictureService,interface,1,4,3,1,1,1,0,0,0,0.0,NaN,NaN,1,0,0,0,0,1,1,0,0,0,0,0,0,0,0,0,0,0,0,3,0,0,0,0,0,0,0,0,0,0,0,0,0,0,49,1,0
/home/sandro/workspace/sandro/MLCQCodeSmellSamples/scripts/../dataset/greenhouse_c7994183812150de971ef4a76c08d5b4631ab5d1/src/test/java/com/springsource/greenhouse/signin/AccountExposingHandlerInterceptorTest.java,com.springsource.greenhouse.signin.AccountExposingHandlerInterceptorTest,class,7,7,0,7,2,1,0,5,0,0.0,1.0,1.0,2,0,2,0,0,0,2,0,0,0,2,0,0,2,0,0,0,0,0,15,0,0,0,0,0,8,1,4,0,4,0,0,0,0,27,1,0
/home/sandro/workspace/sandro/MLCQCodeSmellSamples/scripts/../dataset/greenhouse_c7994183812150de971ef4a76c08d5b4631ab5d1/src/main/java/com/springsource/greenhouse/database/upgrade/v3/UpdateEncryptionMethod.java,com.springsource.greenhouse.database.upgrade.v3.UpdateEncryptionMethod,class,7,9,2,7,9,2,0,11,6,0.6,0.0,0.0,5,0,1,2,2,0,3,0,0,0,2,0,0,2,0,0,2,0,0,63,3,3,1,0,0,17,0,6,0,4,2,0,2,0,45,1,0
/home/sandro/workspace/sandro/MLCQCodeSmellSamples/scripts/../dataset/greenhouse_c7994183812150de971ef4a76c08d5b4631ab5d1/src/main/java/com/springsource/greenhouse/events/load/VenueData.java,com.springsource.greenhouse.events.load.VenueData,class,0,4,4,0,6,1,0,0,5,0.6666667,0.33333334,1.0,6,0,6,0,0,0,6,0,0,0,5,0,0,5,0,0,5,0,0,29,5,0,0,0,0,0,0,5,0,5,0,0,0,0,15,0,0
/home/sandro/workspace/sandro/MLCQCodeSmellSamples/scripts/../dataset/greenhouse_c7994183812150de971ef4a76c08d5b4631ab5d1/src/main/java/org/springframework/templating/StandardStringTemplateLoader.java,org.springframework.templating.StandardStringTemplateLoader,class,4,4,0,4,3,1,0,3,0,0.0,1.0,1.0,2,0,2,0,0,0,2,0,0,0,1,0,0,1,0,0,0,0,0,14,1,0,1,0,0,0,0,3,0,2,1,0,0,0,21,1,0
/home/sandro/workspace/sandro/MLCQCodeSmellSamples/scripts/../dataset/greenhouse_c7994183812150de971ef4a76c08d5b4631ab5d1/src/main/java/com/springsource/greenhouse/develop/App.java,com.springsource.greenhouse.develop.App,class,1,7,6,1,5,1,0,0,2,0.6,0.4,1.0,5,0,5,0,0,0,5,0,0,0,4,0,0,4,0,0,4,0,0,24,4,0,0,0,0,0,0,4,0,4,0,0,0,0,86,1,0
/home/sandro/workspace/sandro/MLCQCodeSmellSamples/scripts/../dataset/greenhouse_c7994183812150de971ef4a76c08d5b4631ab5d1/src/test/java/org/springframework/test/transaction/Transactional.java,org.springframework.test.transaction.Transactional,class,5,8,3,5,2,2,0,0,1,0.5,0.0,0.0,2,0,2,0,0,0,2,0,0,0,1,0,0,1,0,0,0,0,0,32,1,0,0,0,0,0,0,1,0,1,0,0,1,0,12,1,0
/home/sandro/workspace/sandro/MLCQCodeSmellSamples/scripts/../dataset/greenhouse_c7994183812150de971ef4a76c08d5b4631ab5d1/src/main/java/com/springsource/greenhouse/utils/ResourceReference.java,com.springsource.greenhouse.utils.ResourceReference,class,1,7,6,1,3,1,0,0,0,0.33333334,0.6666667,1.0,3,0,3,0,0,0,3,0,0,0,2,0,0,2,0,0,2,0,0,14,2,0,0,0,0,0,0,2,0,2,0,0,0,0,28,1,0
/home/sandro/workspace/sandro/MLCQCodeSmellSamples/scripts/../dataset/greenhouse_c7994183812150de971ef4a76c08d5b4631ab5d1/src/main/java/com/springsource/greenhouse/events/Venue.java,com.springsource.greenhouse.events.Venue,class,1,5,4,1,6,1,0,0,5,0.6666667,0.33333334,1.0,6,0,6,0,0,0,6,0,0,0,5,0,0,5,0,0,5,0,0,29,5,0,0,0,0,0,0,5,0,5,0,0,0,0,55,1,0
/home/sandro/workspace/sandro/MLCQCodeSmellSamples/scripts/../dataset/greenhouse_c7994183812150de971ef4a76c08d5b4631ab5d1/src/main/java/com/springsource/greenhouse/invite/InviteAcceptAction.java,com.springsource.greenhouse.invite.InviteAcceptAction,class,4,6,2,4,4,2,0,2,2,0.5,0.33333334,0.5,4,0,4,0,0,0,4,0,0,0,2,0,0,2,0,0,2,0,0,18,3,0,0,0,0,1,0,2,1,2,0,0,0,0,41,17,0
/home/sandro/workspace/sandro/MLCQCodeSmellSamples/scripts/../dataset/greenhouse_c7994183812150de971ef4a76c08d5b4631ab5d1/src/main/java/com/springsource/greenhouse/config/DataConfig.java,com.springsource.greenhouse.config.DataConfig$Standard,innerclass,8,8,0,8,1,1,0,3,0,0.0,NaN,NaN,1,0,1,0,0,0,1,0,0,0,2,0,0,2,0,0,0,0,0,9,1,0,0,0,0,5,0,1,0,3,0,0,0,0,18,8,0
/home/sandro/workspace/sandro/MLCQCodeSmellSamples/scripts/../dataset/greenhouse_c7994183812150de971ef4a76c08d5b4631ab5d1/src/main/java/com/springsource/greenhouse/members/ConnectedProfile.java,com.springsource.greenhouse.members.ConnectedProfile,class,0,4,4,0,3,1,0,0,0,0.33333334,0.6666667,1.0,3,0,3,0,0,0,3,0,0,0,2,0,0,2,0,0,2,0,0,14,2,0,0,0,0,0,0,2,0,2,0,0,0,0,33,17,0
/home/sandro/workspace/sandro/MLCQCodeSmellSamples/scripts/../dataset/greenhouse_c7994183812150de971ef4a76c08d5b4631ab5d1/src/main/java/com/springsource/greenhouse/develop/oauth/ConfirmAccessController.java,com.springsource.greenhouse.develop.oauth.ConfirmAccessController,class,6,6,0,6,2,1,0,2,0,0.0,1.0,1.0,2,0,1,0,1,0,2,0,0,0,1,0,0,1,0,0,1,0,0,10,1,0,0,0,0,4,0,1,0,1,0,0,0,0,31,1,0
/home/sandro/workspace/sandro/MLCQCodeSmellSamples/scripts/../dataset/greenhouse_c7994183812150de971ef4a76c08d5b4631ab5d1/src/main/java/org/springframework/templating/DelegatingStringTemplate.java,org.springframework.templating.DelegatingStringTemplate,class,2,4,2,2,3,1,0,3,0,0.0,1.0,1.0,3,0,3,0,0,0,3,0,0,0,1,0,0,1,0,0,0,0,0,13,1,0,0,0,0,0,0,1,0,1,0,0,0,0,23,0,0
/home/sandro/workspace/sandro/MLCQCodeSmellSamples/scripts/../dataset/greenhouse_c7994183812150de971ef4a76c08d5b4631ab5d1/src/main/java/com/springsource/greenhouse/utils/Message.java,com.springsource.greenhouse.utils.Message,class,2,8,6,2,8,1,0,0,0,0.375,0.8214286,1.0,8,4,8,0,0,0,8,0,0,0,2,0,0,2,0,0,2,0,0,29,7,0,0,0,0,1,0,2,1,2,0,0,0,0,33,17,0
/home/sandro/workspace/sandro/MLCQCodeSmellSamples/scripts/../dataset/greenhouse_c7994183812150de971ef4a76c08d5b4631ab5d1/src/main/java/com/springsource/greenhouse/activity/action/ActionFactory.java,com.springsource.greenhouse.activity.action.ActionFactory,interface,4,7,3,4,1,1,0,0,0,0.0,NaN,NaN,1,0,0,0,0,1,1,0,0,0,0,0,0,0,0,0,0,0,0,3,0,0,0,0,0,0,0,0,0,0,0,0,0,0,53,1,0
/home/sandro/workspace/sandro/MLCQCodeSmellSamples/scripts/../dataset/greenhouse_c7994183812150de971ef4a76c08d5b4631ab5d1/src/main/java/com/springsource/greenhouse/account/Person.java,com.springsource.greenhouse.account.Person,class,2,9,7,2,7,1,0,0,9,0.7142858,0.2857143,1.0,7,0,7,0,0,0,7,0,0,0,6,0,0,6,0,0,6,0,0,34,6,0,0,0,0,0,0,6,0,6,0,0,0,0,37,17,0
/home/sandro/workspace/sandro/MLCQCodeSmellSamples/scripts/../dataset/greenhouse_c7994183812150de971ef4a76c08d5b4631ab5d1/src/main/java/com/springsource/greenhouse/reset/InvalidResetTokenException.java,com.springsource.greenhouse.reset.InvalidResetTokenException,class,0,1,1,0,2,3,0,0,0,0.0,1.0,1.0,2,0,2,0,0,0,2,0,0,0,1,0,0,1,0,0,1,0,0,9,1,0,0,0,0,1,0,1,0,1,0,0,0,0,23,1,0
/home/sandro/workspace/sandro/MLCQCodeSmellSamples/scripts/../dataset/greenhouse_c7994183812150de971ef4a76c08d5b4631ab5d1/src/main/java/com/springsource/greenhouse/connect/TwitterConnectInterceptor.java,com.springsource.greenhouse.connect.TwitterConnectInterceptor,class,7,9,2,7,4,1,0,10,1,0.5,1.0,1.0,2,0,2,0,0,0,2,0,0,0,2,2,0,2,0,0,2,0,1,15,0,0,1,0,0,3,0,2,2,2,1,0,0,0,39,1,0
/home/sandro/workspace/sandro/MLCQCodeSmellSamples/scripts/../dataset/greenhouse_c7994183812150de971ef4a76c08d5b4631ab5d1/src/main/java/com/springsource/greenhouse/events/load/JdbcEventLoaderRepository.java,com.springsource.greenhouse.events.load.JdbcEventLoaderRepository,class,18,21,3,18,10,1,0,44,0,0.7391305,1.0,1.0,5,0,5,0,0,0,5,0,0,0,23,22,0,23,0,0,23,0,0,108,8,1,0,4,0,44,9,38,11,38,2,1,0,0,109,1,10
/home/sandro/workspace/sandro/MLCQCodeSmellSamples/scripts/../dataset/greenhouse_c7994183812150de971ef4a76c08d5b4631ab5d1/src/main/java/com/springsource/greenhouse/account/AccountException.java,com.springsource.greenhouse.account.AccountException,class,0,6,6,0,2,3,6,0,1,0.0,0.0,0.0,2,0,2,0,0,0,2,0,0,0,0,0,0,0,0,0,0,0,0,8,0,0,0,0,0,1,0,0,0,0,0,0,0,0,22,1025,0
/home/sandro/workspace/sandro/MLCQCodeSmellSamples/scripts/../dataset/greenhouse_c7994183812150de971ef4a76c08d5b4631ab5d1/src/main/java/com/springsource/greenhouse/home/GlobalExceptionResolver.java,com.springsource.greenhouse.home.GlobalExceptionResolver,class,10,11,1,10,5,1,0,7,1,0.5,NaN,NaN,2,0,1,1,0,0,1,0,0,0,3,1,0,3,0,0,3,0,0,25,5,0,1,1,0,2,0,4,1,4,2,0,0,0,59,1,1
/home/sandro/workspace/sandro/MLCQCodeSmellSamples/scripts/../dataset/greenhouse_c7994183812150de971ef4a76c08d5b4631ab5d1/src/main/java/com/springsource/greenhouse/develop/InvalidAccessTokenException.java,com.springsource.greenhouse.develop.InvalidAccessTokenException,class,1,1,0,1,2,4,0,0,0,0.0,1.0,1.0,2,0,2,0,0,0,2,0,0,0,1,0,0,1,0,0,0,0,0,9,1,0,0,0,0,2,0,0,0,1,0,0,0,0,31,17,0
/home/sandro/workspace/sandro/MLCQCodeSmellSamples/scripts/../dataset/greenhouse_c7994183812150de971ef4a76c08d5b4631ab5d1/src/main/java/com/springsource/greenhouse/invite/JdbcInviteRepository.java,com.springsource.greenhouse.invite.JdbcInviteRepository,class,14,17,3,14,8,1,0,8,1,0.6666667,0.4,0.6,6,0,5,1,0,0,5,0,0,0,4,2,0,4,0,0,4,0,0,50,3,0,0,1,0,4,0,5,0,5,1,2,0,0,72,1,0
/home/sandro/workspace/sandro/MLCQCodeSmellSamples/scripts/../dataset/greenhouse_c7994183812150de971ef4a76c08d5b4631ab5d1/src/test/java/com/springsource/greenhouse/signup/SignupControllerTest.java,com.springsource.greenhouse.signup.SignupControllerTest,class,7,7,0,7,4,1,0,18,6,0.0,0.0,0.0,4,0,4,0,0,0,4,0,0,0,0,0,0,0,0,0,0,0,0,37,0,0,0,0,0,37,0,20,0,20,0,0,0,0,50,1,0
/home/sandro/workspace/sandro/MLCQCodeSmellSamples/scripts/../dataset/greenhouse_c7994183812150de971ef4a76c08d5b4631ab5d1/src/main/java/com/springsource/greenhouse/settings/SettingsController.java,com.springsource.greenhouse.settings.SettingsController,class,9,10,1,9,3,1,0,4,0,0.33333334,0.6666667,1.0,3,0,3,0,0,0,3,0,0,0,2,0,0,2,0,0,0,0,0,16,1,0,0,0,0,5,0,3,0,3,0,0,0,0,96,1,0
/home/sandro/workspace/sandro/MLCQCodeSmellSamples/scripts/../dataset/greenhouse_c7994183812150de971ef4a76c08d5b4631ab5d1/src/main/java/com/springsource/greenhouse/invite/NoSuchInviteException.java,com.springsource.greenhouse.invite.NoSuchInviteException,class,1,3,2,1,1,4,0,0,0,0.0,NaN,NaN,1,0,1,0,0,0,1,0,0,0,0,0,0,0,0,0,0,0,0,5,0,0,0,0,0,3,0,0,1,0,0,0,0,0,24,17,0
/home/sandro/workspace/sandro/MLCQCodeSmellSamples/scripts/../dataset/greenhouse_c7994183812150de971ef4a76c08d5b4631ab5d1/src/main/java/com/springsource/greenhouse/account/InvalidPasswordException.java,com.springsource.greenhouse.account.InvalidPasswordException,class,1,3,2,1,1,4,0,0,0,0.0,NaN,NaN,1,0,1,0,0,0,1,0,0,0,0,0,0,0,0,0,0,0,0,5,0,0,0,0,0,2,0,0,0,0,0,0,0,0,15,17,0
/home/sandro/workspace/sandro/MLCQCodeSmellSamples/scripts/../dataset/greenhouse_c7994183812150de971ef4a76c08d5b4631ab5d1/src/test/java/com/springsource/greenhouse/account/JdbcAccountRepositoryTest.java,com.springsource.greenhouse.account.JdbcAccountRepositoryTest,class,16,17,1,16,11,1,0,22,0,0.6363637,1.0,1.0,11,0,10,1,0,0,10,0,0,0,3,0,1,2,0,0,0,0,1,56,0,0,0,0,0,25,8,9,0,9,0,0,0,0,57,1,0
/home/sandro/workspace/sandro/MLCQCodeSmellSamples/scripts/../dataset/greenhouse_c7994183812150de971ef4a76c08d5b4631ab5d1/src/main/java/com/springsource/greenhouse/config/MailConfig.java,com.springsource.greenhouse.config.MailConfig,class,6,6,0,6,1,1,0,8,0,0.0,NaN,NaN,1,0,1,0,0,0,1,0,0,0,1,0,0,1,0,0,0,0,0,16,1,0,0,0,0,9,1,2,0,3,0,0,0,0,40,1,0
/home/sandro/workspace/sandro/MLCQCodeSmellSamples/scripts/../dataset/greenhouse_c7994183812150de971ef4a76c08d5b4631ab5d1/src/main/java/com/springsource/greenhouse/account/JdbcAccountRepository.java,com.springsource.greenhouse.account.JdbcAccountRepository,class,18,20,2,18,14,1,0,20,0,0.6,1.0,1.0,9,0,7,2,0,0,7,0,0,0,5,1,0,5,0,0,4,0,2,78,7,0,0,3,0,11,2,8,6,8,1,1,1,0,88,1,0
/home/sandro/workspace/sandro/MLCQCodeSmellSamples/scripts/../dataset/greenhouse_c7994183812150de971ef4a76c08d5b4631ab5d1/src/main/java/org/springframework/jdbc/core/JoinRowMapper.java,org.springframework.jdbc.core.JoinRowMapper$Anonymous2,anonymous,2,2,0,2,1,1,0,1,0,0.0,NaN,NaN,1,0,1,0,0,0,1,0,0,0,0,0,0,0,0,0,0,0,0,5,1,0,0,0,0,0,0,0,0,0,0,0,0,0,9,-1,0
/home/sandro/workspace/sandro/MLCQCodeSmellSamples/scripts/../dataset/greenhouse_c7994183812150de971ef4a76c08d5b4631ab5d1/src/main/java/com/springsource/greenhouse/config/DataConfig.java,com.springsource.greenhouse.config.DataConfig$Embedded$Anonymous1,anonymous,3,3,0,3,1,1,0,3,0,0.0,NaN,NaN,1,0,0,0,1,0,1,0,0,0,0,0,0,0,0,0,0,0,1,5,0,0,0,0,0,1,0,0,0,0,0,0,0,0,10,-1,0
/home/sandro/workspace/sandro/MLCQCodeSmellSamples/scripts/../dataset/greenhouse_c7994183812150de971ef4a76c08d5b4631ab5d1/src/main/java/org/springframework/jdbc/core/JoinRowMapper.java,org.springframework.jdbc.core.JoinRowMapper$Anonymous1,anonymous,2,2,0,2,1,1,0,1,0,0.0,NaN,NaN,1,0,1,0,0,0,1,0,0,0,0,0,0,0,0,0,0,0,0,5,1,0,0,0,0,0,0,0,0,0,0,0,0,0,12,-1,0
/home/sandro/workspace/sandro/MLCQCodeSmellSamples/scripts/../dataset/greenhouse_c7994183812150de971ef4a76c08d5b4631ab5d1/src/main/java/com/springsource/greenhouse/database/upgrade/v3/CipherUtils.java,com.springsource.greenhouse.database.upgrade.v3.CipherUtils,class,1,2,1,1,13,1,0,6,10,0.0,0.0,0.0,5,4,4,1,0,0,4,0,0,0,0,0,0,0,0,0,0,0,2,50,3,0,0,4,0,8,0,2,0,2,1,0,0,0,49,0,0
/home/sandro/workspace/sandro/MLCQCodeSmellSamples/scripts/../dataset/greenhouse_c7994183812150de971ef4a76c08d5b4631ab5d1/src/main/java/com/springsource/greenhouse/account/JdbcAccountRepository.java,com.springsource.greenhouse.account.JdbcAccountRepository$Anonymous1,anonymous,3,3,0,3,1,1,0,2,0,0.0,NaN,NaN,1,0,1,0,0,0,1,0,0,0,0,0,0,0,0,0,0,0,0,6,1,0,0,0,0,1,0,1,0,1,0,0,0,0,13,-1,0
/home/sandro/workspace/sandro/MLCQCodeSmellSamples/scripts/../dataset/greenhouse_c7994183812150de971ef4a76c08d5b4631ab5d1/src/main/java/com/springsource/greenhouse/account/UsernamePasswordAuthenticationProvider.java,com.springsource.greenhouse.account.UsernamePasswordAuthenticationProvider,class,12,13,1,12,6,1,0,7,4,0.5,0.33333334,0.33333334,4,0,3,1,0,0,3,0,0,0,1,0,0,1,0,0,0,0,0,28,3,0,0,1,0,1,0,5,0,5,1,0,0,0,41,1,0
/home/sandro/workspace/sandro/MLCQCodeSmellSamples/scripts/../dataset/greenhouse_c7994183812150de971ef4a76c08d5b4631ab5d1/src/test/java/com/springsource/greenhouse/invite/mail/MailInviteServiceTest.java,com.springsource.greenhouse.invite.mail.MailInviteServiceTest,class,15,15,0,15,4,1,0,18,0,0.33333334,0.6666667,1.0,3,0,3,0,0,0,3,0,0,0,4,0,0,4,0,0,0,0,2,31,0,0,1,0,0,13,3,8,0,8,1,0,0,0,49,1,0
/home/sandro/workspace/sandro/MLCQCodeSmellSamples/scripts/../dataset/greenhouse_c7994183812150de971ef4a76c08d5b4631ab5d1/src/main/java/com/springsource/greenhouse/events/load/EventLoadController.java,com.springsource.greenhouse.events.load.EventLoadController,class,5,5,0,5,3,1,0,1,1,0.33333334,0.33333334,0.33333334,3,0,3,0,0,0,3,0,0,0,1,0,0,1,0,0,0,0,0,13,2,0,0,0,0,6,0,1,0,1,0,0,0,0,15,1,0
/home/sandro/workspace/sandro/MLCQCodeSmellSamples/scripts/../dataset/greenhouse_c7994183812150de971ef4a76c08d5b4631ab5d1/src/main/java/org/springframework/data/FileStorage.java,org.springframework.data.FileStorage,interface,1,10,9,1,2,1,0,0,1,0.0,0.0,0.0,2,0,0,0,0,2,2,0,0,0,0,0,0,0,0,0,0,0,0,4,0,0,0,0,0,0,0,0,0,0,0,0,0,0,38,1,0
/home/sandro/workspace/sandro/MLCQCodeSmellSamples/scripts/../dataset/greenhouse_c7994183812150de971ef4a76c08d5b4631ab5d1/src/test/java/com/springsource/greenhouse/invite/InviteeTest.java,com.springsource.greenhouse.invite.InviteeTest,class,2,2,0,2,5,1,0,6,10,0.0,0.0,0.0,5,0,5,0,0,0,5,0,0,0,0,0,0,0,0,0,0,0,5,32,0,0,0,0,0,15,0,5,0,5,0,0,0,0,17,1,0
/home/sandro/workspace/sandro/MLCQCodeSmellSamples/scripts/../dataset/greenhouse_c7994183812150de971ef4a76c08d5b4631ab5d1/src/main/java/org/springframework/data/FileData.java,org.springframework.data.FileData,class,1,6,5,1,4,1,0,0,0,0.5,0.5,1.0,4,0,4,0,0,0,4,0,0,0,3,0,0,3,0,0,3,0,0,19,3,0,0,0,0,0,0,3,0,3,0,0,0,0,24,17,0
/home/sandro/workspace/sandro/MLCQCodeSmellSamples/scripts/../dataset/greenhouse_c7994183812150de971ef4a76c08d5b4631ab5d1/src/main/java/com/springsource/greenhouse/members/MembersController.java,com.springsource.greenhouse.members.MembersController,class,11,12,1,11,4,1,0,9,0,0.5,1.0,1.0,4,0,3,1,0,0,3,0,0,0,2,0,0,2,0,0,1,0,0,26,3,0,0,0,0,15,0,3,0,4,0,0,0,0,55,1,0
/home/sandro/workspace/sandro/MLCQCodeSmellSamples/scripts/../dataset/greenhouse_c7994183812150de971ef4a76c08d5b4631ab5d1/src/main/java/com/springsource/greenhouse/signin/SigninController.java,com.springsource.greenhouse.signin.SigninController,class,2,2,0,2,1,1,0,0,0,0.0,NaN,NaN,1,0,1,0,0,0,1,0,0,0,0,0,0,0,0,0,0,0,0,4,0,0,0,0,0,1,0,0,0,0,0,0,0,0,33,1,0
/home/sandro/workspace/sandro/MLCQCodeSmellSamples/scripts/../dataset/greenhouse_c7994183812150de971ef4a76c08d5b4631ab5d1/src/main/java/com/springsource/greenhouse/config/WebConfig.java,com.springsource.greenhouse.config.WebConfig$LocationHandlerMethodArgumentResolver,innerclass,6,6,0,6,2,1,0,3,1,0.0,0.0,0.0,2,0,2,0,0,0,2,0,0,0,0,0,0,0,0,0,0,0,0,8,2,0,0,0,0,0,0,0,0,0,0,0,0,0,22,10,0
/home/sandro/workspace/sandro/MLCQCodeSmellSamples/scripts/../dataset/greenhouse_c7994183812150de971ef4a76c08d5b4631ab5d1/src/main/java/com/springsource/greenhouse/utils/MessageType.java,com.springsource.greenhouse.utils.MessageType,enum,0,1,1,0,2,1,0,2,0,0.0,NaN,NaN,2,0,1,1,0,0,1,0,0,0,1,0,0,1,0,0,1,0,0,12,1,0,0,0,0,0,0,1,0,1,0,0,0,0,51,1,0
/home/sandro/workspace/sandro/MLCQCodeSmellSamples/scripts/../dataset/greenhouse_c7994183812150de971ef4a76c08d5b4631ab5d1/src/main/java/org/springframework/templating/StringTemplateFactory.java,org.springframework.templating.StringTemplateFactory,interface,1,6,5,1,1,1,0,0,0,0.0,NaN,NaN,1,0,0,0,0,1,1,0,0,0,0,0,0,0,0,0,0,0,0,3,0,0,0,0,0,0,0,0,0,0,0,0,0,0,26,1,0
/home/sandro/workspace/sandro/MLCQCodeSmellSamples/scripts/../dataset/greenhouse_c7994183812150de971ef4a76c08d5b4631ab5d1/src/main/java/org/springframework/data/S3FileStorage.java,org.springframework.data.S3FileStorage,class,9,11,2,9,7,1,0,14,0,0.375,1.0,1.0,4,0,3,1,0,0,3,0,0,0,2,0,0,2,0,0,2,0,0,44,3,0,0,3,0,5,0,6,1,6,1,0,0,0,68,1,0
/home/sandro/workspace/sandro/MLCQCodeSmellSamples/scripts/../dataset/greenhouse_c7994183812150de971ef4a76c08d5b4631ab5d1/src/main/java/com/springsource/greenhouse/invite/Invite.java,com.springsource.greenhouse.invite.Invite,class,3,8,5,3,5,1,0,7,0,0.53333336,0.5,1.0,5,0,5,0,0,0,5,0,0,0,3,0,0,3,0,0,3,0,0,27,4,0,0,0,0,0,0,4,0,4,0,0,0,0,59,17,0
/home/sandro/workspace/sandro/MLCQCodeSmellSamples/scripts/../dataset/greenhouse_c7994183812150de971ef4a76c08d5b4631ab5d1/src/main/java/com/springsource/greenhouse/activity/badge/JdbcBadgeRepository.java,com.springsource.greenhouse.activity.badge.JdbcBadgeRepository,class,8,8,0,8,2,1,0,5,0,0.0,1.0,1.0,2,0,2,0,0,0,2,0,0,0,1,0,0,1,0,0,1,0,0,13,1,0,0,0,0,3,0,4,0,4,0,0,0,0,41,1,0
/home/sandro/workspace/sandro/MLCQCodeSmellSamples/scripts/../dataset/greenhouse_c7994183812150de971ef4a76c08d5b4631ab5d1/src/main/java/com/springsource/greenhouse/account/GreenhousePasswordEncoder.java,com.springsource.greenhouse.account.GreenhousePasswordEncoder,class,5,7,2,5,8,1,0,13,16,0.6666667,0.6666667,1.0,8,0,4,4,0,0,4,0,0,0,3,0,0,3,0,0,3,0,1,54,6,0,0,0,0,2,1,7,0,7,0,0,1,0,74,1,0
/home/sandro/workspace/sandro/MLCQCodeSmellSamples/scripts/../dataset/greenhouse_c7994183812150de971ef4a76c08d5b4631ab5d1/src/main/java/com/springsource/greenhouse/validation/ConfirmValidator.java,com.springsource.greenhouse.validation.ConfirmValidator,class,5,5,0,5,5,1,0,11,0,0.0,1.0,1.0,2,0,2,0,0,0,2,0,0,0,3,0,0,3,0,0,0,0,0,27,2,0,2,0,0,1,1,8,1,7,1,0,0,0,27,17,0
/home/sandro/workspace/sandro/MLCQCodeSmellSamples/scripts/../dataset/greenhouse_c7994183812150de971ef4a76c08d5b4631ab5d1/src/test/java/com/springsource/greenhouse/events/JdbcEventRepositoryTest.java,com.springsource.greenhouse.events.JdbcEventRepositoryTest,class,17,18,1,17,14,1,0,47,0,0.6666667,0.8363636,1.0,13,0,11,2,0,0,11,0,0,0,3,0,0,3,0,0,0,0,0,83,0,0,1,0,0,21,57,9,0,9,1,0,0,0,85,1,0
/home/sandro/workspace/sandro/MLCQCodeSmellSamples/scripts/../dataset/greenhouse_c7994183812150de971ef4a76c08d5b4631ab5d1/src/main/java/com/springsource/greenhouse/events/EventsController.java,com.springsource.greenhouse.events.EventsController,class,20,20,0,20,18,1,0,17,0,0.39285713,0.6923077,1.0,14,0,14,0,0,0,14,0,0,0,2,0,0,2,0,0,2,0,0,54,13,0,2,0,0,26,2,4,0,4,0,0,0,0,128,1,0
/home/sandro/workspace/sandro/MLCQCodeSmellSamples/scripts/../dataset/greenhouse_c7994183812150de971ef4a76c08d5b4631ab5d1/src/main/java/com/springsource/greenhouse/events/Rating.java,com.springsource.greenhouse.events.Rating,class,0,4,4,0,5,1,0,0,0,0.33333334,0.6666667,1.0,3,0,3,0,0,0,3,0,0,0,2,0,0,2,0,0,2,0,0,17,2,0,0,0,0,1,2,2,0,2,1,0,0,0,36,17,0
/home/sandro/workspace/sandro/MLCQCodeSmellSamples/scripts/../dataset/greenhouse_c7994183812150de971ef4a76c08d5b4631ab5d1/src/main/java/org/springframework/jdbc/versioned/SqlDatabaseChange.java,org.springframework.jdbc.versioned.SqlDatabaseChange,class,5,8,3,5,12,2,0,11,8,0.70000005,0.16666667,0.16666667,5,2,2,1,2,0,4,0,0,0,2,1,0,2,0,0,2,0,1,37,3,1,2,1,1,2,1,7,1,6,3,0,0,0,48,1,0
/home/sandro/workspace/sandro/MLCQCodeSmellSamples/scripts/../dataset/greenhouse_c7994183812150de971ef4a76c08d5b4631ab5d1/src/main/java/com/springsource/greenhouse/database/upgrade/v3/UpdateEncryptionMethod.java,com.springsource.greenhouse.database.upgrade.v3.UpdateEncryptionMethod$SearchableStringEncryptor,innerclass,3,3,0,3,3,1,0,6,0,0.33333334,0.6666667,1.0,3,0,3,0,0,0,3,0,0,0,2,0,0,2,0,0,2,0,7,19,2,0,0,0,0,1,2,5,0,5,0,0,0,0,21,10,0
/home/sandro/workspace/sandro/MLCQCodeSmellSamples/scripts/../dataset/greenhouse_c7994183812150de971ef4a76c08d5b4631ab5d1/src/main/java/com/springsource/greenhouse/activity/action/Action.java,com.springsource.greenhouse.activity.action.Action,class,3,16,13,3,5,1,2,0,2,0.6,0.4,1.0,5,0,5,0,0,0,5,0,0,0,4,0,0,4,0,0,4,0,0,24,4,0,0,0,0,0,0,4,0,4,0,0,0,0,72,1025,0
/home/sandro/workspace/sandro/MLCQCodeSmellSamples/scripts/../dataset/greenhouse_c7994183812150de971ef4a76c08d5b4631ab5d1/src/main/java/com/springsource/greenhouse/utils/SlugUtils.java,com.springsource.greenhouse.utils.SlugUtils,class,0,2,2,0,2,1,0,5,0,0.0,NaN,NaN,1,1,1,0,0,0,1,0,0,0,2,2,0,2,0,0,2,0,3,13,1,0,1,0,0,5,0,5,0,5,1,0,0,0,43,1,0
/home/sandro/workspace/sandro/MLCQCodeSmellSamples/scripts/../dataset/greenhouse_c7994183812150de971ef4a76c08d5b4631ab5d1/src/main/java/com/springsource/greenhouse/activity/badge/SimpleBadgeAwarder.java,com.springsource.greenhouse.activity.badge.SimpleBadgeAwarder,class,4,6,2,4,2,1,0,2,0,0.0,1.0,1.0,2,0,2,0,0,0,2,0,0,0,2,0,0,2,0,0,2,0,0,11,1,0,0,0,0,0,0,2,0,2,0,0,0,0,30,17,0
/home/sandro/workspace/sandro/MLCQCodeSmellSamples/scripts/../dataset/greenhouse_c7994183812150de971ef4a76c08d5b4631ab5d1/src/test/java/com/springsource/greenhouse/groups/JdbcGroupRepositoryTest.java,com.springsource.greenhouse.groups.JdbcGroupRepositoryTest,class,9,9,0,9,4,1,0,11,0,0.44444445,0.6666667,1.0,3,0,3,0,0,0,3,0,0,0,3,0,0,3,0,0,0,0,0,21,0,0,1,0,0,4,0,4,0,4,1,0,0,0,27,1,0
/home/sandro/workspace/sandro/MLCQCodeSmellSamples/scripts/../dataset/greenhouse_c7994183812150de971ef4a76c08d5b4631ab5d1/src/main/java/com/springsource/greenhouse/connect/AccountSignInAdapter.java,com.springsource.greenhouse.connect.AccountSignInAdapter,class,13,15,2,13,6,1,0,12,2,0.5,1.0,1.0,4,0,2,2,0,0,2,0,0,0,2,0,0,2,0,0,2,0,2,30,4,0,2,0,0,0,0,6,0,6,1,0,0,0,45,1,0
/home/sandro/workspace/sandro/MLCQCodeSmellSamples/scripts/../dataset/greenhouse_c7994183812150de971ef4a76c08d5b4631ab5d1/src/test/java/com/springsource/greenhouse/settings/SettingsControllerTest.java,com.springsource.greenhouse.settings.SettingsControllerTest,class,19,20,1,19,6,1,0,19,2,0.6,0.6666667,1.0,5,0,4,1,0,0,4,0,0,0,4,0,0,4,0,0,0,0,1,37,1,0,1,0,0,22,6,8,0,8,1,0,0,0,51,1,0
/home/sandro/workspace/sandro/MLCQCodeSmellSamples/scripts/../dataset/greenhouse_c7994183812150de971ef4a76c08d5b4631ab5d1/src/main/java/com/springsource/greenhouse/config/KeyValueConfig.java,com.springsource.greenhouse.config.KeyValueConfig,class,9,10,1,9,2,1,0,5,1,0.5,0.0,0.0,2,0,2,0,0,0,2,0,0,0,1,0,0,1,0,0,0,0,0,13,2,0,0,0,0,4,0,1,0,2,0,0,0,0,40,1,0
/home/sandro/workspace/sandro/MLCQCodeSmellSamples/scripts/../dataset/greenhouse_c7994183812150de971ef4a76c08d5b4631ab5d1/src/main/java/com/springsource/greenhouse/reset/ResetPasswordMailMessageConverter.java,com.springsource.greenhouse.reset.ResetPasswordMailMessageConverter,class,12,12,0,12,2,1,0,13,0,0.25,1.0,1.0,2,0,2,0,0,0,2,0,0,0,2,0,0,2,0,0,2,0,0,19,1,0,0,0,0,6,0,4,0,4,0,0,0,0,33,17,0
/home/sandro/workspace/sandro/MLCQCodeSmellSamples/scripts/../dataset/greenhouse_c7994183812150de971ef4a76c08d5b4631ab5d1/src/main/java/com/springsource/greenhouse/groups/JdbcGroupRepository.java,com.springsource.greenhouse.groups.JdbcGroupRepository,class,6,7,1,6,2,1,0,1,0,0.33333334,1.0,1.0,2,0,2,0,0,0,2,0,0,0,3,1,0,3,0,0,2,0,0,20,1,0,0,0,0,1,0,3,0,3,0,1,0,0,45,1,0
/home/sandro/workspace/sandro/MLCQCodeSmellSamples/scripts/../dataset/greenhouse_c7994183812150de971ef4a76c08d5b4631ab5d1/src/main/java/com/springsource/greenhouse/activity/badge/BadgeSystem.java,com.springsource.greenhouse.activity.badge.BadgeSystem,interface,2,4,2,2,1,1,0,0,0,0.0,NaN,NaN,1,0,0,0,0,1,1,0,0,0,0,0,0,0,0,0,0,0,0,3,0,0,0,0,0,0,0,0,0,0,0,0,0,0,32,1,0
/home/sandro/workspace/sandro/MLCQCodeSmellSamples/scripts/../dataset/greenhouse_c7994183812150de971ef4a76c08d5b4631ab5d1/src/main/java/com/springsource/greenhouse/signup/SignupHelper.java,com.springsource.greenhouse.signup.SignupHelper,class,10,13,3,10,6,1,0,8,2,0.5,0.33333334,0.33333334,4,0,3,1,0,0,3,0,0,0,2,0,0,2,0,0,2,0,1,32,4,0,1,1,0,3,0,3,0,3,2,0,1,0,82,1,0
/home/sandro/workspace/sandro/MLCQCodeSmellSamples/scripts/../dataset/greenhouse_c7994183812150de971ef4a76c08d5b4631ab5d1/src/main/java/org/springframework/templating/LocalStringTemplate.java,org.springframework.templating.LocalStringTemplate,class,3,4,1,3,3,1,0,2,0,0.0,1.0,1.0,3,0,3,0,0,0,3,0,0,0,1,0,0,1,0,0,0,0,0,12,1,0,0,0,0,0,0,1,0,1,0,0,0,0,32,1,0
/home/sandro/workspace/sandro/MLCQCodeSmellSamples/scripts/../dataset/greenhouse_c7994183812150de971ef4a76c08d5b4631ab5d1/src/main/java/com/springsource/greenhouse/events/EventRepository.java,com.springsource.greenhouse.events.EventRepository,interface,4,9,5,4,9,1,0,0,36,0.0,0.0,0.0,9,0,0,0,0,9,9,0,0,0,0,0,0,0,0,0,0,0,0,11,0,0,0,0,0,0,0,0,0,0,0,0,0,0,171,1,0
/home/sandro/workspace/sandro/MLCQCodeSmellSamples/scripts/../dataset/greenhouse_c7994183812150de971ef4a76c08d5b4631ab5d1/src/main/java/com/springsource/greenhouse/account/PictureUrlFactory.java,com.springsource.greenhouse.account.PictureUrlFactory,class,4,8,4,4,10,1,0,8,19,0.71428573,0.0,0.0,7,0,3,4,0,0,3,0,0,0,1,0,0,1,0,0,1,0,0,37,8,0,2,0,0,6,0,2,4,1,1,0,0,0,62,1,0
/home/sandro/workspace/sandro/MLCQCodeSmellSamples/scripts/../dataset/greenhouse_c7994183812150de971ef4a76c08d5b4631ab5d1/src/main/java/org/springframework/social/facebook/web/FacebookHandlerMethodArgumentResolver.java,org.springframework.social.facebook.web.FacebookHandlerMethodArgumentResolver,class,7,8,1,7,6,1,0,8,1,0.33333334,0.33333334,0.33333334,3,0,3,0,0,0,3,0,0,0,2,0,0,2,0,0,2,0,0,21,2,0,1,0,0,2,0,6,1,6,1,0,0,0,38,1,0
/home/sandro/workspace/sandro/MLCQCodeSmellSamples/scripts/../dataset/greenhouse_c7994183812150de971ef4a76c08d5b4631ab5d1/src/main/java/com/springsource/greenhouse/connect/FacebookConnectInterceptor.java,com.springsource.greenhouse.connect.FacebookConnectInterceptor,class,15,17,2,15,10,1,0,20,8,0.76,0.0,0.0,5,0,3,2,0,0,3,0,0,0,5,4,0,5,0,0,5,0,2,43,0,0,2,1,0,10,0,9,2,9,2,0,0,0,89,1,0
/home/sandro/workspace/sandro/MLCQCodeSmellSamples/scripts/../dataset/greenhouse_c7994183812150de971ef4a76c08d5b4631ab5d1/src/main/java/com/springsource/greenhouse/database/DatabaseUpgrader.java,com.springsource.greenhouse.database.DatabaseUpgrader,class,12,17,5,12,12,1,0,17,33,0.72727275,0.33333334,0.33333334,11,0,2,8,1,0,3,0,0,0,3,0,0,3,0,0,3,0,8,68,6,0,0,0,0,20,0,8,2,8,1,0,0,0,79,1,0
/home/sandro/workspace/sandro/MLCQCodeSmellSamples/scripts/../dataset/greenhouse_c7994183812150de971ef4a76c08d5b4631ab5d1/src/main/java/org/springframework/jdbc/core/JoinRowMapper.java,org.springframework.jdbc.core.JoinRowMapper,class,6,10,4,6,11,1,0,6,21,0.85714287,0.0,0.0,7,0,2,2,3,0,5,3,0,0,2,0,0,2,0,0,2,0,0,46,4,2,0,0,0,0,0,9,0,7,2,2,0,0,105,1025,0
/home/sandro/workspace/sandro/MLCQCodeSmellSamples/scripts/../dataset/greenhouse_c7994183812150de971ef4a76c08d5b4631ab5d1/src/main/java/com/springsource/greenhouse/config/WebConfig.java,com.springsource.greenhouse.config.WebConfig,class,30,30,0,30,11,2,0,13,30,0.6666667,0.083333336,0.083333336,9,0,9,0,0,0,9,0,0,0,1,0,0,1,0,0,0,0,0,81,5,0,0,0,0,10,3,6,0,7,1,0,3,0,107,1,0
/home/sandro/workspace/sandro/MLCQCodeSmellSamples/scripts/../dataset/greenhouse_c7994183812150de971ef4a76c08d5b4631ab5d1/src/main/java/com/springsource/greenhouse/develop/oauth/AppClientDetailsService.java,com.springsource.greenhouse.develop.oauth.AppClientDetailsService$AppClientDetails,innerclass,2,2,0,2,1,2,0,4,0,0.0,NaN,NaN,1,0,1,0,0,0,1,0,0,0,0,0,0,0,0,0,0,0,0,6,0,0,0,0,0,5,0,0,0,0,0,0,0,0,7,10,0
/home/sandro/workspace/sandro/MLCQCodeSmellSamples/scripts/../dataset/greenhouse_c7994183812150de971ef4a76c08d5b4631ab5d1/src/main/java/com/springsource/greenhouse/invite/Invitee.java,com.springsource.greenhouse.invite.Invitee,class,2,13,11,2,20,1,0,7,0,0.45833334,0.46666667,0.6666667,8,1,6,2,0,0,6,0,0,0,3,0,0,3,0,0,3,0,1,69,9,0,11,0,0,7,14,7,2,7,3,0,0,0,78,17,0
/home/sandro/workspace/sandro/MLCQCodeSmellSamples/scripts/../dataset/greenhouse_c7994183812150de971ef4a76c08d5b4631ab5d1/src/main/java/com/springsource/greenhouse/members/FileStorageProfilePictureService.java,com.springsource.greenhouse.members.FileStorageProfilePictureService,class,9,10,1,9,7,1,0,9,8,0.6666667,1.0,1.0,5,0,2,3,0,0,2,0,0,0,3,1,0,3,0,0,3,0,5,31,1,0,1,0,0,13,4,4,4,4,1,0,0,0,92,1,0
/home/sandro/workspace/sandro/MLCQCodeSmellSamples/scripts/../dataset/greenhouse_c7994183812150de971ef4a76c08d5b4631ab5d1/src/main/java/com/springsource/greenhouse/develop/JdbcAppRepository.java,com.springsource.greenhouse.develop.JdbcAppRepository,class,14,16,2,14,11,1,0,14,0,0.8357142,0.7777778,0.7777778,10,0,9,1,0,0,9,0,0,0,14,8,0,14,0,0,8,0,1,82,8,0,0,1,0,9,0,19,0,19,1,3,0,0,105,1,0
/home/sandro/workspace/sandro/MLCQCodeSmellSamples/scripts/../dataset/greenhouse_c7994183812150de971ef4a76c08d5b4631ab5d1/src/main/java/com/springsource/greenhouse/reset/JdbcRestPasswordService.java,com.springsource.greenhouse.reset.JdbcRestPasswordService,class,12,13,1,12,7,1,0,10,0,0.45,1.0,1.0,5,0,4,1,0,0,4,0,0,0,4,0,0,4,0,0,4,0,0,33,2,0,1,1,0,4,1,7,0,7,1,0,0,0,71,1,0
/home/sandro/workspace/sandro/MLCQCodeSmellSamples/scripts/../dataset/greenhouse_c7994183812150de971ef4a76c08d5b4631ab5d1/src/main/java/org/springframework/jdbc/versioned/DatabaseChangeSet.java,org.springframework.jdbc.versioned.DatabaseChangeSet,class,3,7,4,3,24,1,0,22,34,0.65384614,0.7619048,1.0,13,0,7,6,0,0,7,0,0,0,2,0,0,2,0,0,2,0,0,105,9,1,0,8,1,6,4,6,0,6,3,0,0,0,93,1,0
/home/sandro/workspace/sandro/MLCQCodeSmellSamples/scripts/../dataset/greenhouse_c7994183812150de971ef4a76c08d5b4631ab5d1/src/test/java/com/springsource/greenhouse/account/StubFileStorage.java,com.springsource.greenhouse.account.StubFileStorage,class,3,6,3,3,2,1,0,2,1,0.0,0.0,0.0,2,0,2,0,0,0,2,0,0,0,0,0,0,0,0,0,0,0,0,8,2,0,0,0,0,1,0,0,1,0,0,0,0,0,10,1,0
/home/sandro/workspace/sandro/MLCQCodeSmellSamples/scripts/../dataset/greenhouse_c7994183812150de971ef4a76c08d5b4631ab5d1/src/main/java/com/springsource/greenhouse/account/JdbcAccountRepository.java,com.springsource.greenhouse.account.JdbcAccountRepository$PasswordProtectedAccount,innerclass,3,3,0,3,3,1,0,1,0,0.0,1.0,1.0,2,0,2,0,0,0,2,0,0,0,2,0,0,2,0,0,0,0,0,16,1,0,0,0,0,0,0,2,0,2,1,0,0,0,10,10,0
/home/sandro/workspace/sandro/MLCQCodeSmellSamples/scripts/../dataset/greenhouse_c7994183812150de971ef4a76c08d5b4631ab5d1/src/main/java/com/springsource/greenhouse/utils/ImageUtils.java,com.springsource.greenhouse.utils.ImageUtils,class,1,2,1,1,2,1,0,8,0,0.0,NaN,NaN,1,1,1,0,0,0,1,0,0,0,0,0,0,0,0,0,0,0,2,17,2,0,0,0,2,1,2,6,2,6,1,0,0,0,34,1,0
/home/sandro/workspace/sandro/MLCQCodeSmellSamples/scripts/../dataset/greenhouse_c7994183812150de971ef4a76c08d5b4631ab5d1/src/main/java/com/springsource/greenhouse/activity/badge/AwardedBadge.java,com.springsource.greenhouse.activity.badge.AwardedBadge,class,3,9,6,3,7,1,0,0,9,0.7142858,0.2857143,1.0,7,0,7,0,0,0,7,0,0,0,6,0,0,6,0,0,6,0,0,34,6,0,0,0,0,0,0,6,0,6,0,0,0,0,40,17,0
/home/sandro/workspace/sandro/MLCQCodeSmellSamples/scripts/../dataset/greenhouse_c7994183812150de971ef4a76c08d5b4631ab5d1/src/main/java/com/springsource/greenhouse/groups/GroupsController.java,com.springsource.greenhouse.groups.GroupsController,class,11,12,1,11,4,1,0,6,2,0.5833333,0.6666667,1.0,4,0,3,1,0,0,3,0,0,0,3,0,0,3,0,0,0,0,0,29,3,0,0,0,0,13,0,5,0,6,0,0,0,0,46,1,0
/home/sandro/workspace/sandro/MLCQCodeSmellSamples/scripts/../dataset/greenhouse_c7994183812150de971ef4a76c08d5b4631ab5d1/src/main/java/com/springsource/greenhouse/events/Event.java,com.springsource.greenhouse.events.Event,class,4,11,7,4,16,1,0,7,71,0.8466667,0.16190477,0.6571429,15,0,15,0,0,0,15,0,0,0,10,0,0,10,0,0,9,0,1,68,13,0,1,0,0,0,0,10,0,10,1,0,0,0,137,1,0
/home/sandro/workspace/sandro/MLCQCodeSmellSamples/scripts/../dataset/greenhouse_c7994183812150de971ef4a76c08d5b4631ab5d1/src/main/java/com/springsource/greenhouse/home/DateTimeZoneHandlerInterceptor.java,com.springsource.greenhouse.home.DateTimeZoneHandlerInterceptor,class,8,10,2,8,9,1,0,12,10,0.0,0.0,0.0,5,0,3,2,0,0,3,0,0,0,0,0,0,0,0,0,0,0,1,39,6,0,3,1,0,2,0,3,0,3,2,0,0,0,71,1,0
/home/sandro/workspace/sandro/MLCQCodeSmellSamples/scripts/../dataset/greenhouse_c7994183812150de971ef4a76c08d5b4631ab5d1/src/main/java/com/springsource/greenhouse/develop/InvalidApiKeyException.java,com.springsource.greenhouse.develop.InvalidApiKeyException,class,1,3,2,1,2,4,0,0,0,0.0,1.0,1.0,2,0,2,0,0,0,2,0,0,0,1,0,0,1,0,0,0,0,0,10,1,0,0,0,0,2,0,1,1,1,0,0,0,0,37,1,0
/home/sandro/workspace/sandro/MLCQCodeSmellSamples/scripts/../dataset/greenhouse_c7994183812150de971ef4a76c08d5b4631ab5d1/src/main/java/com/springsource/greenhouse/develop/AppController.java,com.springsource.greenhouse.develop.AppController,class,11,11,0,11,10,1,0,10,0,0.0,1.0,1.0,8,0,8,0,0,0,8,0,0,0,1,0,0,1,0,0,1,0,0,39,9,0,0,0,0,17,0,1,2,1,1,0,0,0,52,1,0
/home/sandro/workspace/sandro/MLCQCodeSmellSamples/scripts/../dataset/greenhouse_c7994183812150de971ef4a76c08d5b4631ab5d1/src/test/java/com/springsource/greenhouse/database/GreenhouseDatabaseInstallerTest.java,com.springsource.greenhouse.database.GreenhouseDatabaseInstallerTest,class,5,5,0,5,1,1,0,8,0,0.0,NaN,NaN,1,0,1,0,0,0,1,0,0,0,0,0,0,0,0,0,0,0,2,14,0,0,0,0,0,3,0,4,0,4,0,0,0,0,14,1,0
/home/sandro/workspace/sandro/MLCQCodeSmellSamples/scripts/../dataset/greenhouse_c7994183812150de971ef4a76c08d5b4631ab5d1/src/main/java/com/springsource/greenhouse/reset/AsyncResetPasswordMailer.java,com.springsource.greenhouse.reset.AsyncResetPasswordMailer,class,8,8,0,8,2,1,0,2,0,0.0,1.0,1.0,2,0,2,0,0,0,2,0,0,0,2,0,0,2,0,0,2,0,0,12,0,0,0,0,0,0,0,3,0,3,0,0,0,0,29,17,0
/home/sandro/workspace/sandro/MLCQCodeSmellSamples/scripts/../dataset/greenhouse_c7994183812150de971ef4a76c08d5b4631ab5d1/src/main/java/com/springsource/greenhouse/account/ProfileReference.java,com.springsource.greenhouse.account.ProfileReference,class,2,12,10,2,4,3,0,2,1,0.0,0.0,0.0,2,1,2,0,0,0,2,0,0,0,0,0,0,0,0,0,0,0,0,8,1,0,1,0,0,1,1,0,1,0,0,0,0,0,29,1,0
/home/sandro/workspace/sandro/MLCQCodeSmellSamples/scripts/../dataset/greenhouse_c7994183812150de971ef4a76c08d5b4631ab5d1/src/main/java/com/springsource/greenhouse/events/load/EventLoaderRepository.java,com.springsource.greenhouse.events.load.EventLoaderRepository,interface,5,9,4,5,4,1,0,0,6,0.0,0.0,0.0,4,0,0,0,0,4,4,0,0,0,0,0,0,0,0,0,0,0,0,6,0,0,0,0,0,0,0,0,0,0,0,0,0,0,18,1,0
/home/sandro/workspace/sandro/MLCQCodeSmellSamples/scripts/../dataset/greenhouse_c7994183812150de971ef4a76c08d5b4631ab5d1/src/main/java/org/springframework/model/FieldModel.java,org.springframework.model.FieldModel,class,2,4,2,2,7,1,0,0,0,0.4166667,0.53333336,0.6666667,6,1,6,0,0,0,6,0,0,0,2,0,0,2,0,0,0,0,0,22,4,0,1,0,0,0,0,2,0,2,0,0,0,0,28,1,0
/home/sandro/workspace/sandro/MLCQCodeSmellSamples/scripts/../dataset/greenhouse_c7994183812150de971ef4a76c08d5b4631ab5d1/src/main/java/com/springsource/greenhouse/activity/action/JdbcActionRepository.java,com.springsource.greenhouse.activity.action.JdbcActionRepository,class,13,15,2,13,9,1,0,15,7,0.5833334,1.0,1.0,6,0,3,3,0,0,3,0,0,0,2,0,0,2,0,0,2,0,2,38,5,0,3,0,0,3,2,9,0,9,0,1,0,0,53,1,0
/home/sandro/workspace/sandro/MLCQCodeSmellSamples/scripts/../dataset/greenhouse_c7994183812150de971ef4a76c08d5b4631ab5d1/src/main/java/com/springsource/greenhouse/members/ProfileRepository.java,com.springsource.greenhouse.members.ProfileRepository,interface,2,4,2,2,3,1,0,0,3,0.0,0.0,0.0,3,0,0,0,0,3,3,0,0,0,0,0,0,0,0,0,0,0,0,5,0,0,0,0,0,0,0,0,0,0,0,0,0,0,51,1,0
/home/sandro/workspace/sandro/MLCQCodeSmellSamples/scripts/../dataset/greenhouse_c7994183812150de971ef4a76c08d5b4631ab5d1/src/main/java/org/springframework/jdbc/versioned/DatabaseVersion.java,org.springframework.jdbc.versioned.DatabaseVersion,class,1,6,5,1,12,1,0,2,0,0.25,0.47619048,0.47619048,8,2,7,1,0,0,7,0,0,0,1,0,0,1,0,0,1,0,2,31,8,0,1,0,1,0,2,2,1,2,1,0,0,0,56,1,0
/home/sandro/workspace/sandro/MLCQCodeSmellSamples/scripts/../dataset/greenhouse_c7994183812150de971ef4a76c08d5b4631ab5d1/src/main/java/com/springsource/greenhouse/events/load/LeaderData.java,com.springsource.greenhouse.events.load.LeaderData,class,0,4,4,0,7,1,0,0,9,0.7142858,0.2857143,1.0,7,0,7,0,0,0,7,0,0,0,6,0,0,6,0,0,6,0,0,34,6,0,0,0,0,0,0,6,0,6,0,0,0,0,15,1,0
/home/sandro/workspace/sandro/MLCQCodeSmellSamples/scripts/../dataset/greenhouse_c7994183812150de971ef4a76c08d5b4631ab5d1/src/test/java/com/springsource/greenhouse/utils/EmailUtilsTest.java,com.springsource.greenhouse.utils.EmailUtilsTest,class,2,2,0,2,2,1,0,3,1,0.0,0.0,0.0,2,0,2,0,0,0,2,0,0,0,0,0,0,0,0,0,0,0,6,12,0,0,0,0,0,6,0,0,0,0,0,0,0,0,11,1,0
/home/sandro/workspace/sandro/MLCQCodeSmellSamples/scripts/../dataset/greenhouse_c7994183812150de971ef4a76c08d5b4631ab5d1/src/main/java/com/springsource/greenhouse/config/DataConfig.java,com.springsource.greenhouse.config.DataConfig$Embedded,innerclass,10,10,0,10,2,1,0,5,1,0.5,NaN,NaN,2,0,1,1,0,0,1,0,0,0,2,0,0,2,0,0,0,0,0,19,2,0,0,0,0,3,0,1,0,3,0,1,0,0,19,8,0
/home/sandro/workspace/sandro/MLCQCodeSmellSamples/scripts/../dataset/greenhouse_c7994183812150de971ef4a76c08d5b4631ab5d1/src/main/java/com/springsource/greenhouse/signup/SignupController.java,com.springsource.greenhouse.signup.SignupController$Anonymous1,anonymous,1,1,0,1,1,1,0,3,0,0.0,NaN,NaN,1,0,1,0,0,0,1,0,0,0,0,0,0,0,0,0,0,0,0,5,0,0,0,0,0,0,0,0,0,0,0,0,0,0,4,-1,0
/home/sandro/workspace/sandro/MLCQCodeSmellSamples/scripts/../dataset/greenhouse_c7994183812150de971ef4a76c08d5b4631ab5d1/src/main/java/org/springframework/templating/ResourceStringTemplateFactory.java,org.springframework.templating.ResourceStringTemplateFactory,class,8,14,6,8,12,1,0,15,13,0.6666667,1.0,1.0,6,0,2,4,0,0,2,0,0,0,1,0,0,1,0,0,1,0,1,56,7,1,3,2,2,3,2,8,2,7,3,0,0,0,51,17,0
/home/sandro/workspace/sandro/MLCQCodeSmellSamples/scripts/../dataset/greenhouse_c7994183812150de971ef4a76c08d5b4631ab5d1/src/main/java/org/springframework/jdbc/versioned/AbstractDatabaseChange.java,org.springframework.jdbc.versioned.AbstractDatabaseChange,class,2,5,3,2,7,1,2,4,6,0.0,0.0,0.0,4,0,1,1,2,0,3,2,0,0,0,0,0,0,0,0,0,0,0,28,1,0,0,3,0,2,0,1,0,1,2,0,0,0,24,1025,0
/home/sandro/workspace/sandro/MLCQCodeSmellSamples/scripts/../dataset/greenhouse_c7994183812150de971ef4a76c08d5b4631ab5d1/src/main/java/com/springsource/greenhouse/events/load/EventData.java,com.springsource.greenhouse.events.load.EventData,class,0,4,4,0,10,1,0,0,27,0.8000001,0.2,1.0,10,0,10,0,0,0,10,0,0,0,9,0,0,9,0,0,9,0,0,49,9,0,0,0,0,0,0,9,0,9,0,0,0,0,23,0,0
/home/sandro/workspace/sandro/MLCQCodeSmellSamples/scripts/../dataset/greenhouse_c7994183812150de971ef4a76c08d5b4631ab5d1/src/main/java/com/springsource/greenhouse/reset/ResetPasswordService.java,com.springsource.greenhouse.reset.ResetPasswordService,interface,0,2,2,0,3,1,0,0,3,0.0,0.0,0.0,3,0,0,0,0,3,3,0,0,0,0,0,0,0,0,0,0,0,0,5,0,0,0,0,0,0,0,0,0,0,0,0,0,0,89,1,0
/home/sandro/workspace/sandro/MLCQCodeSmellSamples/scripts/../dataset/greenhouse_c7994183812150de971ef4a76c08d5b4631ab5d1/src/main/java/com/springsource/greenhouse/config/FileStoreConfig.java,com.springsource.greenhouse.config.FileStoreConfig$Standard,innerclass,7,7,0,7,1,1,0,1,0,0.0,NaN,NaN,1,0,1,0,0,0,1,0,0,0,1,0,0,1,0,0,0,0,0,6,1,0,0,0,0,4,0,0,0,1,0,0,0,0,9,8,0
/home/sandro/workspace/sandro/MLCQCodeSmellSamples/scripts/../dataset/greenhouse_c7994183812150de971ef4a76c08d5b4631ab5d1/src/test/java/org/springframework/test/transaction/Transactional.java,org.springframework.test.transaction.Transactional$TransactionalStatement,innerclass,5,5,0,5,3,2,0,5,0,0.0,1.0,1.0,2,0,2,0,0,0,2,0,0,0,1,0,0,1,0,0,1,0,0,23,0,0,0,2,0,0,0,3,0,3,2,0,0,0,17,2,0
/home/sandro/workspace/sandro/MLCQCodeSmellSamples/scripts/../dataset/greenhouse_c7994183812150de971ef4a76c08d5b4631ab5d1/src/main/java/com/springsource/greenhouse/develop/AppRepository.java,com.springsource.greenhouse.develop.AppRepository,interface,3,7,4,3,8,1,0,0,28,0.0,0.0,0.0,8,0,0,0,0,8,8,0,0,0,0,0,0,0,0,0,0,0,0,10,0,0,0,0,0,0,0,0,0,0,0,0,0,0,118,1,0
/home/sandro/workspace/sandro/MLCQCodeSmellSamples/scripts/../dataset/greenhouse_c7994183812150de971ef4a76c08d5b4631ab5d1/src/test/java/com/springsource/greenhouse/invite/JdbcInviteRepositoryTest.java,com.springsource.greenhouse.invite.JdbcInviteRepositoryTest,class,16,16,0,16,6,1,0,18,0,0.4666667,1.0,1.0,5,0,5,0,0,0,5,0,0,0,3,0,1,2,0,0,0,0,0,41,0,0,0,1,0,18,1,7,0,7,1,1,0,0,47,1,0
/home/sandro/workspace/sandro/MLCQCodeSmellSamples/scripts/../dataset/greenhouse_c7994183812150de971ef4a76c08d5b4631ab5d1/src/main/java/com/springsource/greenhouse/invite/InviteAlreadyAcceptedException.java,com.springsource.greenhouse.invite.InviteAlreadyAcceptedException,class,1,3,2,1,1,4,0,0,0,0.0,NaN,NaN,1,0,1,0,0,0,1,0,0,0,0,0,0,0,0,0,0,0,0,5,0,0,0,0,0,3,0,0,1,0,0,0,0,0,23,17,0
/home/sandro/workspace/sandro/MLCQCodeSmellSamples/scripts/../dataset/greenhouse_c7994183812150de971ef4a76c08d5b4631ab5d1/src/main/java/com/springsource/greenhouse/invite/JdbcInviteRepository.java,com.springsource.greenhouse.invite.JdbcInviteRepository$Anonymous1,anonymous,4,4,0,4,1,1,0,3,0,0.0,NaN,NaN,1,0,1,0,0,0,1,0,0,0,0,0,0,0,0,0,0,0,0,9,1,0,0,0,0,4,0,3,0,3,0,0,0,0,19,-1,0
/home/sandro/workspace/sandro/MLCQCodeSmellSamples/scripts/../dataset/greenhouse_c7994183812150de971ef4a76c08d5b4631ab5d1/src/main/java/com/springsource/greenhouse/events/load/TimeSlotData.java,com.springsource.greenhouse.events.load.TimeSlotData,class,0,4,4,0,7,1,0,0,9,0.7142858,0.2857143,1.0,7,0,7,0,0,0,7,0,0,0,6,0,0,6,0,0,6,0,0,34,6,0,0,0,0,0,0,6,0,6,0,0,0,0,15,0,0
/home/sandro/workspace/sandro/MLCQCodeSmellSamples/scripts/../dataset/greenhouse_c7994183812150de971ef4a76c08d5b4631ab5d1/src/main/java/com/springsource/greenhouse/invite/JdbcInviteRepository.java,com.springsource.greenhouse.invite.JdbcInviteRepository$Anonymous2,anonymous,3,3,0,3,1,1,0,4,0,0.0,NaN,NaN,1,0,1,0,0,0,1,0,0,0,0,0,0,0,0,0,0,0,1,7,1,0,0,0,0,8,0,2,0,2,0,0,0,0,17,-1,0
/home/sandro/workspace/sandro/MLCQCodeSmellSamples/scripts/../dataset/greenhouse_c7994183812150de971ef4a76c08d5b4631ab5d1/src/test/java/com/springsource/greenhouse/develop/JdbcAppRepositoryTest.java,com.springsource.greenhouse.develop.JdbcAppRepositoryTest,class,12,13,1,12,10,1,0,31,0,0.6333333,1.0,1.0,10,0,9,1,0,0,9,0,0,0,3,0,1,2,0,0,0,0,0,72,0,0,0,0,0,26,18,17,0,13,0,0,0,0,50,1,0
/home/sandro/workspace/sandro/MLCQCodeSmellSamples/scripts/../dataset/greenhouse_c7994183812150de971ef4a76c08d5b4631ab5d1/src/main/java/com/springsource/greenhouse/signup/SignedUpGateway.java,com.springsource.greenhouse.signup.SignedUpGateway,interface,2,6,4,2,1,1,0,0,0,0.0,NaN,NaN,1,0,0,0,0,1,1,0,0,0,0,0,0,0,0,0,0,0,0,3,0,0,0,0,0,0,0,0,0,0,0,0,0,0,48,1,0
/home/sandro/workspace/sandro/MLCQCodeSmellSamples/scripts/../dataset/greenhouse_c7994183812150de971ef4a76c08d5b4631ab5d1/src/main/java/com/springsource/greenhouse/activity/badge/StandardBadgeSystem.java,com.springsource.greenhouse.activity.badge.StandardBadgeSystem$SimpleActionTypeMatcher,innerclass,3,3,0,3,3,1,0,2,0,0.0,1.0,1.0,2,0,2,0,0,0,2,0,0,0,1,0,0,1,0,0,1,0,0,13,2,0,0,0,1,0,0,2,0,2,1,0,0,0,11,18,0
/home/sandro/workspace/sandro/MLCQCodeSmellSamples/scripts/../dataset/greenhouse_c7994183812150de971ef4a76c08d5b4631ab5d1/src/main/java/com/springsource/greenhouse/develop/NoSuchAccountConnectionException.java,com.springsource.greenhouse.develop.NoSuchAccountConnectionException,class,1,1,0,1,2,4,0,0,0,0.0,1.0,1.0,2,0,2,0,0,0,2,0,0,0,1,0,0,1,0,0,0,0,0,9,1,0,0,0,0,2,0,0,0,1,0,0,0,0,24,17,0
/home/sandro/workspace/sandro/MLCQCodeSmellSamples/scripts/../dataset/greenhouse_c7994183812150de971ef4a76c08d5b4631ab5d1/src/main/java/com/springsource/greenhouse/invite/FacebookInviteController.java,com.springsource.greenhouse.invite.FacebookInviteController,class,15,16,1,15,9,1,0,19,4,0.6,0.16666667,0.16666667,5,0,4,1,0,0,4,0,0,0,4,0,0,4,0,0,3,0,4,44,4,2,0,0,0,12,0,8,0,9,1,0,0,0,113,1,0
/home/sandro/workspace/sandro/MLCQCodeSmellSamples/scripts/../dataset/greenhouse_c7994183812150de971ef4a76c08d5b4631ab5d1/src/main/java/com/springsource/greenhouse/config/ComponentConfig.java,com.springsource.greenhouse.config.ComponentConfig$Standard,innerclass,3,3,0,3,0,1,0,0,0,0.0,-1.0,-1.0,0,0,0,0,0,0,0,0,0,0,0,0,0,0,0,0,0,0,0,2,0,0,0,0,0,2,0,0,0,0,0,0,0,0,7,8,0
/home/sandro/workspace/sandro/MLCQCodeSmellSamples/scripts/../dataset/greenhouse_c7994183812150de971ef4a76c08d5b4631ab5d1/src/test/java/com/springsource/greenhouse/events/load/JdbcEventLoaderRepositoryTest.java,com.springsource.greenhouse.events.load.JdbcEventLoaderRepositoryTest$Anonymous3,anonymous,0,0,0,0,1,1,0,4,0,0.0,NaN,NaN,1,0,1,0,0,0,1,0,0,0,0,0,0,0,0,0,0,0,0,10,1,0,0,0,0,6,2,2,0,2,0,0,0,0,18,-1,0
/home/sandro/workspace/sandro/MLCQCodeSmellSamples/scripts/../dataset/greenhouse_c7994183812150de971ef4a76c08d5b4631ab5d1/src/test/java/com/springsource/greenhouse/events/load/JdbcEventLoaderRepositoryTest.java,com.springsource.greenhouse.events.load.JdbcEventLoaderRepositoryTest$Anonymous2,anonymous,0,0,0,0,1,1,0,3,0,0.0,NaN,NaN,1,0,1,0,0,0,1,0,0,0,0,0,0,0,0,0,0,0,0,8,1,0,0,0,0,4,2,0,0,0,0,0,0,0,13,-1,0
/home/sandro/workspace/sandro/MLCQCodeSmellSamples/scripts/../dataset/greenhouse_c7994183812150de971ef4a76c08d5b4631ab5d1/src/test/java/com/springsource/greenhouse/events/load/JdbcEventLoaderRepositoryTest.java,com.springsource.greenhouse.events.load.JdbcEventLoaderRepositoryTest$Anonymous1,anonymous,0,0,0,0,1,1,0,3,0,0.0,NaN,NaN,1,0,1,0,0,0,1,0,0,0,0,0,0,0,0,0,0,0,0,10,1,0,0,0,0,9,1,0,0,0,0,0,0,0,18,-1,0
/home/sandro/workspace/sandro/MLCQCodeSmellSamples/scripts/../dataset/greenhouse_c7994183812150de971ef4a76c08d5b4631ab5d1/src/main/java/com/springsource/greenhouse/account/AccountMapper.java,com.springsource.greenhouse.account.AccountMapper$Anonymous1,anonymous,3,3,0,3,3,1,0,3,1,0.0,NaN,NaN,2,0,1,1,0,0,1,0,0,0,0,0,0,0,0,0,0,0,0,11,2,0,1,0,0,5,0,3,1,3,0,0,0,0,18,-1,0
/home/sandro/workspace/sandro/MLCQCodeSmellSamples/scripts/../dataset/greenhouse_c7994183812150de971ef4a76c08d5b4631ab5d1/src/main/java/com/springsource/greenhouse/invite/InviteException.java,com.springsource.greenhouse.invite.InviteException,class,0,2,2,0,2,3,2,0,0,0.0,1.0,1.0,2,0,2,0,0,0,2,0,0,0,1,0,0,1,0,0,1,0,0,10,1,0,0,0,0,1,0,1,0,1,0,0,0,0,13,1025,0
/home/sandro/workspace/sandro/MLCQCodeSmellSamples/scripts/../dataset/greenhouse_c7994183812150de971ef4a76c08d5b4631ab5d1/src/main/java/com/springsource/greenhouse/events/load/EventSessionData.java,com.springsource.greenhouse.events.load.EventSessionData,class,0,4,4,0,11,1,0,0,35,0.8181819,0.18181819,1.0,11,0,11,0,0,0,11,0,0,0,10,0,0,10,0,0,10,0,0,54,10,0,0,0,0,0,0,10,0,10,0,0,0,0,23,0,0
/home/sandro/workspace/sandro/MLCQCodeSmellSamples/scripts/../dataset/greenhouse_c7994183812150de971ef4a76c08d5b4631ab5d1/src/main/java/com/springsource/greenhouse/account/Gender.java,com.springsource.greenhouse.account.Gender,enum,1,8,7,1,4,1,0,0,1,0.33333334,0.0,0.0,3,1,2,1,0,0,2,0,0,0,1,0,0,1,0,0,0,0,0,16,3,0,1,0,0,0,0,1,0,1,1,0,0,0,28,1,0
/home/sandro/workspace/sandro/MLCQCodeSmellSamples/scripts/../dataset/greenhouse_c7994183812150de971ef4a76c08d5b4631ab5d1/src/test/java/com/springsource/greenhouse/events/load/JdbcEventLoaderRepositoryTest.java,com.springsource.greenhouse.events.load.JdbcEventLoaderRepositoryTest$Anonymous8,anonymous,0,0,0,0,1,1,0,3,0,0.0,NaN,NaN,1,0,1,0,0,0,1,0,0,0,0,0,0,0,0,0,0,0,0,12,1,0,0,0,0,10,4,0,0,0,0,0,0,0,19,-1,0
/home/sandro/workspace/sandro/MLCQCodeSmellSamples/scripts/../dataset/greenhouse_c7994183812150de971ef4a76c08d5b4631ab5d1/src/test/java/com/springsource/greenhouse/events/load/JdbcEventLoaderRepositoryTest.java,com.springsource.greenhouse.events.load.JdbcEventLoaderRepositoryTest$Anonymous7,anonymous,0,0,0,0,1,1,0,3,0,0.0,NaN,NaN,1,0,1,0,0,0,1,0,0,0,0,0,0,0,0,0,0,0,0,12,1,0,0,0,0,10,4,0,0,0,0,0,0,0,16,-1,0
/home/sandro/workspace/sandro/MLCQCodeSmellSamples/scripts/../dataset/greenhouse_c7994183812150de971ef4a76c08d5b4631ab5d1/src/main/java/com/springsource/greenhouse/invite/mail/MailInviteService.java,com.springsource.greenhouse.invite.mail.MailInviteService,interface,2,5,3,2,1,1,0,0,0,0.0,NaN,NaN,1,0,0,0,0,1,1,0,0,0,0,0,0,0,0,0,0,0,0,3,0,0,0,0,0,0,0,0,0,0,0,0,0,0,38,1,0
/home/sandro/workspace/sandro/MLCQCodeSmellSamples/scripts/../dataset/greenhouse_c7994183812150de971ef4a76c08d5b4631ab5d1/src/test/java/com/springsource/greenhouse/events/load/JdbcEventLoaderRepositoryTest.java,com.springsource.greenhouse.events.load.JdbcEventLoaderRepositoryTest$Anonymous6,anonymous,0,0,0,0,1,1,0,3,0,0.0,NaN,NaN,1,0,1,0,0,0,1,0,0,0,0,0,0,0,0,0,0,0,0,12,1,0,0,0,0,10,4,0,0,0,0,0,0,0,16,-1,0
/home/sandro/workspace/sandro/MLCQCodeSmellSamples/scripts/../dataset/greenhouse_c7994183812150de971ef4a76c08d5b4631ab5d1/src/test/java/com/springsource/greenhouse/events/load/JdbcEventLoaderRepositoryTest.java,com.springsource.greenhouse.events.load.JdbcEventLoaderRepositoryTest$Anonymous5,anonymous,0,0,0,0,1,1,0,4,0,0.0,NaN,NaN,1,0,1,0,0,0,1,0,0,0,0,0,0,0,0,0,0,0,0,10,1,0,0,0,0,6,2,2,0,2,0,0,0,0,18,-1,0
/home/sandro/workspace/sandro/MLCQCodeSmellSamples/scripts/../dataset/greenhouse_c7994183812150de971ef4a76c08d5b4631ab5d1/src/test/java/com/springsource/greenhouse/events/load/JdbcEventLoaderRepositoryTest.java,com.springsource.greenhouse.events.load.JdbcEventLoaderRepositoryTest$Anonymous4,anonymous,0,0,0,0,1,1,0,3,0,0.0,NaN,NaN,1,0,1,0,0,0,1,0,0,0,0,0,0,0,0,0,0,0,0,9,1,0,0,0,0,4,2,2,0,2,0,0,0,0,17,-1,0
